-- phpMyAdmin SQL Dump
-- version 5.0.3
-- https://www.phpmyadmin.net/
--
-- Máy chủ: 127.0.0.1
-- Thời gian đã tạo: Th1 01, 2021 lúc 06:24 AM
-- Phiên bản máy phục vụ: 10.4.14-MariaDB
-- Phiên bản PHP: 7.3.23

SET SQL_MODE = "NO_AUTO_VALUE_ON_ZERO";
START TRANSACTION;
SET time_zone = "+00:00";


/*!40101 SET @OLD_CHARACTER_SET_CLIENT=@@CHARACTER_SET_CLIENT */;
/*!40101 SET @OLD_CHARACTER_SET_RESULTS=@@CHARACTER_SET_RESULTS */;
/*!40101 SET @OLD_COLLATION_CONNECTION=@@COLLATION_CONNECTION */;
/*!40101 SET NAMES utf8mb4 */;

--
-- Cơ sở dữ liệu: `hethongvetau`
--

-- --------------------------------------------------------

--
-- Cấu trúc bảng cho bảng `chuyen`
--

CREATE TABLE `chuyen` (
  `id` bigint(20) UNSIGNED NOT NULL,
  `MATUYEN` char(10) DEFAULT NULL,
  `MATAU` char(10) DEFAULT NULL,
  `GIODI` time DEFAULT NULL,
  `GIODEN` time DEFAULT NULL,
  `NGAYDEN` date NOT NULL,
  `NGAYDI` date NOT NULL,
  `updated_at` datetime NOT NULL,
  `created_at` datetime NOT NULL
) ENGINE=InnoDB DEFAULT CHARSET=utf8mb4;

--
-- Đang đổ dữ liệu cho bảng `chuyen`
--

INSERT INTO `chuyen` (`id`, `MATUYEN`, `MATAU`, `GIODI`, `GIODEN`, `NGAYDEN`, `NGAYDI`, `updated_at`, `created_at`) VALUES
(1, '1', '7', '22:15:00', '08:20:00', '2021-01-10', '2021-01-08', '0000-00-00 00:00:00', '0000-00-00 00:00:00'),
(2, '1', '9', '19:25:00', '06:40:00', '2021-01-10', '2021-01-08', '0000-00-00 00:00:00', '0000-00-00 00:00:00'),
(3, '1', '11', '08:50:00', '19:55:00', '2021-01-09', '2021-01-08', '0000-00-00 00:00:00', '0000-00-00 00:00:00'),
(4, '1', '13', '06:00:00', '18:05:00', '2021-01-09', '2021-01-08', '0000-00-00 00:00:00', '0000-00-00 00:00:00'),
(5, '3', '8', '21:55:00', '08:35:00', '2021-01-10', '2021-01-08', '0000-00-00 00:00:00', '0000-00-00 00:00:00'),
(6, '3', '10', '19:25:00', '05:58:00', '2021-01-10', '2021-01-08', '0000-00-00 00:00:00', '0000-00-00 00:00:00'),
(7, '3', '12', '08:40:00', '20:47:00', '2021-01-09', '2021-01-08', '0000-00-00 00:00:00', '0000-00-00 00:00:00'),
(8, '3', '14', '06:00:00', '19:12:00', '2021-01-09', '2021-01-08', '0000-00-00 00:00:00', '0000-00-00 00:00:00');

-- --------------------------------------------------------

--
-- Cấu trúc bảng cho bảng `ct_chuyen`
--

CREATE TABLE `ct_chuyen` (
  `id` bigint(10) UNSIGNED NOT NULL,
  `MAGA` char(10) DEFAULT NULL,
  `CULY` int(11) DEFAULT NULL,
  `NGAYDI` date DEFAULT NULL,
  `GIODEN` time DEFAULT NULL,
  `GIODI` time DEFAULT NULL,
  `MACHUYEN` char(11) NOT NULL,
  `updated_at` datetime NOT NULL,
  `created_at` datetime NOT NULL
) ENGINE=InnoDB DEFAULT CHARSET=utf8mb4;

--
-- Đang đổ dữ liệu cho bảng `ct_chuyen`
--

INSERT INTO `ct_chuyen` (`id`, `MAGA`, `CULY`, `NGAYDI`, `GIODEN`, `GIODI`, `MACHUYEN`, `updated_at`, `created_at`) VALUES
(1, '1', 0, '2021-01-08', '22:15:00', '22:15:00', '1', '0000-00-00 00:00:00', '0000-00-00 00:00:00'),
(2, '1', 11, '2021-01-08', '23:15:00', '23:18:00', '1', '0000-00-00 00:00:00', '0000-00-00 00:00:00'),
(3, '15', 85, '2021-01-09', '23:58:00', '00:01:00', '1', '0000-00-00 00:00:00', '0000-00-00 00:00:00'),
(4, '19', 115, '2021-01-09', '00:39:00', '00:42:00', '1', '0000-00-00 00:00:00', '0000-00-00 00:00:00'),
(5, '26', 175, '2021-01-09', '01:39:00', '01:42:00', '1', '0000-00-00 00:00:00', '0000-00-00 00:00:00'),
(6, '39', 319, '2021-01-09', '04:14:00', '04:21:00', '1', '0000-00-00 00:00:00', '0000-00-00 00:00:00'),
(7, '41', 340, '2021-01-09', '04:45:00', '04:48:00', '1', '0000-00-00 00:00:00', '0000-00-00 00:00:00'),
(8, '47', 387, '2021-01-09', '05:40:00', '05:43:00', '1', '0000-00-00 00:00:00', '0000-00-00 00:00:00'),
(9, '62', 522, '2021-01-09', '08:18:00', '08:29:00', '1', '0000-00-00 00:00:00', '0000-00-00 00:00:00'),
(10, '72', 622, '2021-01-09', '10:26:00', '10:29:00', '1', '0000-00-00 00:00:00', '0000-00-00 00:00:00'),
(11, '79', 688, '2021-01-09', '11:48:00', '11:55:00', '1', '0000-00-00 00:00:00', '0000-00-00 00:00:00'),
(12, '90', 791, '2021-01-09', '14:32:00', '14:47:00', '1', '0000-00-00 00:00:00', '0000-00-00 00:00:00'),
(13, '96', 865, '2021-01-09', '16:20:00', '16:23:00', '1', '0000-00-00 00:00:00', '0000-00-00 00:00:00'),
(14, '102', 928, '2021-01-09', '17:23:00', '17:28:00', '1', '0000-00-00 00:00:00', '0000-00-00 00:00:00'),
(15, '117', 1096, '2021-01-09', '20:25:00', '20:24:00', '1', '0000-00-00 00:00:00', '0000-00-00 00:00:00'),
(16, '124', 1198, '2021-01-09', '22:20:00', '22:23:00', '1', '0000-00-00 00:00:00', '0000-00-00 00:00:00'),
(17, '125', 1315, '2021-01-09', '00:35:00', '00:42:00', '1', '0000-00-00 00:00:00', '0000-00-00 00:00:00'),
(18, '153', 1551, '2021-01-09', '04:32:00', '04:45:00', '1', '0000-00-00 00:00:00', '0000-00-00 00:00:00'),
(19, '166', 1697, '2021-01-09', '07:30:00', '07:33:00', '1', '0000-00-00 00:00:00', '0000-00-00 00:00:00'),
(20, '167', 1707, '2021-01-09', '07:44:00', '07:47:00', '1', '0000-00-00 00:00:00', '0000-00-00 00:00:00'),
(21, '47', 1726, '2021-01-09', '08:20:00', '08:20:00', '1', '0000-00-00 00:00:00', '0000-00-00 00:00:00');

-- --------------------------------------------------------

--
-- Cấu trúc bảng cho bảng `ct_vengay`
--

CREATE TABLE `ct_vengay` (
  `id` bigint(10) UNSIGNED NOT NULL,
  `MAVE` int(11) NOT NULL,
  `MACHUYEN` char(10) DEFAULT NULL,
  `MAGIAVE` int(11) DEFAULT NULL,
  `MADATCHO` char(10) NOT NULL,
  `updated_at` bigint(20) NOT NULL,
  `created_at` bigint(20) NOT NULL
) ENGINE=InnoDB DEFAULT CHARSET=utf8mb4;

-- --------------------------------------------------------

--
-- Cấu trúc bảng cho bảng `doituong`
--

CREATE TABLE `doituong` (
  `id` bigint(20) NOT NULL,
  `TENDOITUONG` varchar(50) DEFAULT NULL,
  `TILEGIAMGIA` int(11) DEFAULT NULL,
  `updated_at` datetime NOT NULL,
  `created_at` datetime NOT NULL
) ENGINE=InnoDB DEFAULT CHARSET=utf8mb4;

--
-- Đang đổ dữ liệu cho bảng `doituong`
--

INSERT INTO `doituong` (`id`, `TENDOITUONG`, `TILEGIAMGIA`, `updated_at`, `created_at`) VALUES
(1, 'Người lớn', 0, '0000-00-00 00:00:00', '0000-00-00 00:00:00'),
(2, 'Sinh viên, hoc sinh', 10, '0000-00-00 00:00:00', '0000-00-00 00:00:00'),
(3, 'Trẻ em', 25, '0000-00-00 00:00:00', '0000-00-00 00:00:00'),
(4, 'Người cao tuổi', 15, '0000-00-00 00:00:00', '0000-00-00 00:00:00');

-- --------------------------------------------------------

--
-- Cấu trúc bảng cho bảng `ga`
--

CREATE TABLE `ga` (
  `id` bigint(10) UNSIGNED NOT NULL,
  `TENGA` varchar(50) DEFAULT NULL,
  `DIACHI` varchar(100) DEFAULT NULL,
  `MATINH` char(10) DEFAULT NULL,
  `updated_at` datetime(6) NOT NULL,
  `created_at` datetime(6) NOT NULL
) ENGINE=InnoDB DEFAULT CHARSET=utf8mb4;

--
-- Đang đổ dữ liệu cho bảng `ga`
--

INSERT INTO `ga` (`id`, `TENGA`, `DIACHI`, `MATINH`, `updated_at`, `created_at`) VALUES
(1, 'Hà Nội', 'Số 120, phố Lê Duẩn, phường Cửa Nam, quận Hoàn Kiếm, Hà Nội', '9', '2020-12-21 03:19:10.000000', '0000-00-00 00:00:00.000000'),
(5, 'Giáp Bát', '366 Giải Phóng, Hoàng Mai, Hà Nội', '9', '2020-12-21 03:08:08.000000', '2020-12-21 03:08:08.000000'),
(6, 'Văn Điển', '484 Đường Ngọc Hồi, Văn Điển, Thanh Trì, Hà Nội', '9', '2020-12-21 03:08:34.000000', '2020-12-21 03:08:34.000000'),
(7, 'Thường Tín', 'Phố Ga, thị trấn Thường Tín, huyện Thường Tín, Hà Nội', '9', '2020-12-21 03:08:56.000000', '2020-12-21 03:08:56.000000'),
(8, 'Chợ Tía', 'Xã Tô Hiệu, huyện Thường Tín, Hà Nội', '9', '2020-12-21 03:09:26.000000', '2020-12-21 03:09:26.000000'),
(9, 'Phú Xuyên', 'Thị trấn Phú Xuyên, huyện Phú Xuyên, Hà Nội', '9', '2020-12-21 03:09:47.000000', '2020-12-21 03:09:47.000000'),
(10, 'Đồng Văn', 'Thị xã Duy Tiên, tỉnh Hà Nam', '10', '2020-12-21 03:10:12.000000', '2020-12-21 03:10:12.000000'),
(11, 'Phủ Lý', 'Quốc lộ 1A, thành phố Phủ Lý tỉnh Hà Nam', '10', '2020-12-21 03:19:27.000000', '2020-12-21 03:10:40.000000'),
(12, 'Bình Lục', 'Bình Thành, thị trấn Bình Mỹ, huyện Bình Lục, Hà Nam', '10', '2020-12-21 03:11:09.000000', '2020-12-21 03:11:09.000000'),
(13, 'Cầu Họ', 'Thôn Hàn Thông, xã Mỹ Thuận, huyện Mỹ Lộc, tỉnh Nam Định', '12', '2020-12-21 03:11:37.000000', '2020-12-21 03:11:37.000000'),
(14, 'Đặng Xá', 'Xã Mỹ Hưng, huyện Mỹ Lộc, tỉnh Nam Định', '12', '2020-12-21 03:12:18.000000', '2020-12-21 03:12:18.000000'),
(15, 'Nam Định', 'Trần Đăng Ninh, thành phố Nam Định, Nam Định', '12', '2020-12-21 03:12:50.000000', '2020-12-21 03:12:50.000000'),
(16, 'Trình Xuyên', 'QL 10, xã Liên Bảo, huyện Vụ Bản, tỉnh Nam Định', '12', '2020-12-21 03:13:41.000000', '2020-12-21 03:13:41.000000'),
(17, 'Núi Gôi', 'Thị trấn Gôi, huyện Vụ Bản, tỉnh Nam Định', '12', '2020-12-21 03:14:10.000000', '2020-12-21 03:14:10.000000'),
(18, 'Cát Đằng', 'Thôn Trung Thôn, xã Yên Tiến, huyện Ý Yên, tỉnh Nam Định', '12', '2020-12-21 03:18:51.000000', '2020-12-21 03:18:51.000000'),
(19, 'Ninh Bình', 'Số 1 Đường 27/7, Phường Nam Bình, Thành Phố Ninh Bình', '13', '2020-12-21 03:20:21.000000', '2020-12-21 03:20:21.000000'),
(20, 'Cầu Yên', 'Quốc Lộ 1A, Xã Ninh An, huyện Hoa Lưa , Ninh Bình', '13', '2020-12-21 03:20:43.000000', '2020-12-21 03:20:43.000000'),
(21, 'Ghềnh', 'Quốc Lộ 1A, Phường Tây Sơn, thành phố Tam Điệp , Ninh Bình', '13', '2020-12-21 03:21:13.000000', '2020-12-21 03:21:13.000000'),
(22, 'Đồng Giao', 'Tổ 20, phường Nam Sơn , thành phố Tam Điệp, Ninh Bình', '13', '2020-12-21 03:21:39.000000', '2020-12-21 03:21:39.000000'),
(23, 'Bỉm Sơn', 'Khu phố 10, phường Ngọc Trạo, thị xã Bỉm Sơn, tỉnh Thanh Hóa', '18', '2020-12-21 03:22:08.000000', '2020-12-21 03:22:08.000000'),
(24, 'Đò Lèn', 'Tiểu khu III, thị trấn Hà Trung, huyện Hà Trung, tỉnh Thanh Hóa', '18', '2020-12-21 03:22:35.000000', '2020-12-21 03:22:35.000000'),
(25, 'Nghĩa Trang', 'Quốc lộ 1A, Xã Hoằng Trung, huyện Hoằng Hóa, Thanh Hóa', '18', '2020-12-21 03:23:00.000000', '2020-12-21 03:23:00.000000'),
(26, 'Thanh Hóa', '19 Dương Đình Nghệ, P. Đông Thọ, Thành phố Thanh Hóa, Thanh Hoá', '18', '2020-12-21 03:23:24.000000', '2020-12-21 03:23:24.000000'),
(27, 'Yên Thái', 'Xã Hoàng Giang, huyện Nông Cống, Thanh Hóa', '18', '2020-12-21 03:24:04.000000', '2020-12-21 03:24:04.000000'),
(28, 'Minh Khôi', 'Xã Minh Khôi, huyện Nông Cống, Thanh Hóa', '18', '2020-12-21 03:24:28.000000', '2020-12-21 03:24:28.000000'),
(29, 'Thị Long', 'Xã Tượng Sơn, huyện Nông Cống, Thanh Hóa', '18', '2020-12-21 03:24:54.000000', '2020-12-21 03:24:54.000000'),
(30, 'Văn Trai', 'Xã Hải Nhân, huyện Tĩnh Gia, Thanh Hóa', '18', '2020-12-21 03:25:20.000000', '2020-12-21 03:25:20.000000'),
(31, 'Khoa Trường', 'Xã Tùng Lâm, huyện Tĩnh Gia, Thanh Hóa', '18', '2020-12-21 03:25:50.000000', '2020-12-21 03:25:50.000000'),
(32, 'Trường Lâm', 'Xã Trường Lâm, huyện Tĩnh Gia, Thanh Hóa', '18', '2020-12-21 03:26:40.000000', '2020-12-21 03:26:40.000000'),
(33, 'Hoàng Mai', 'Xã Quỳnh Vinh, thị xã Hoàng Mai, Nghệ An', '20', '2020-12-21 03:27:01.000000', '2020-12-21 03:27:01.000000'),
(34, 'Cầu Giát', 'Xã Quỳnh Mỹ, huyện Quỳnh Lưu, Nghệ An', '20', '2020-12-21 03:27:23.000000', '2020-12-21 03:27:23.000000'),
(35, 'Yên Lý', 'Xã Diễn Yên, huyện Diễn Châu, Nghệ An', '20', '2020-12-21 03:27:51.000000', '2020-12-21 03:27:51.000000'),
(36, 'Chợ Sy', 'Xã Diễn Kỷ, huyện Diễn Châu, Nghệ An', '20', '2020-12-21 03:28:19.000000', '2020-12-21 03:28:19.000000'),
(37, 'Mỹ Lý', 'Xã Diễn An, huyện Diễn Châu, Nghệ An', '20', '2020-12-21 03:28:43.000000', '2020-12-21 03:28:43.000000'),
(38, 'Quán Hành', 'Thị trấn Quán Hành, huyện Nghi Lộ, Nghệ An', '20', '2020-12-21 03:29:16.000000', '2020-12-21 03:29:16.000000'),
(39, 'Vinh', 'Số 1 Đường Lệ Ninh, Phường Quán Bầu, Thành phố Vinh, Tỉnh Nghệ An', '20', '2020-12-21 03:29:43.000000', '2020-12-21 03:29:43.000000'),
(40, 'Yên Xuân', 'Xã Hưng Xuân, huyện Hưng Nguyên, Nghệ An', '20', '2020-12-21 03:30:05.000000', '2020-12-21 03:30:05.000000'),
(41, 'Yên Trung', 'Thị trấn Đức Thọ, huyện Đức Thọ, Hà Tĩnh', '22', '2020-12-21 03:30:25.000000', '2020-12-21 03:30:25.000000'),
(42, 'Đức Lạc', 'ĐT5 xã Hòa Lạc, huyện Đức Thọ, Hà Tĩnh', '22', '2020-12-21 03:30:57.000000', '2020-12-21 03:30:57.000000'),
(43, 'Yên Duệ', 'Xã Đức Hương, huyện Vũ Quang, Hà Tĩnh', '22', '2020-12-21 03:31:17.000000', '2020-12-21 03:31:17.000000'),
(44, 'Hòa Duyệt', 'Thôn Liên Hoà, xã Đức Liên, huyện Vũ Quang, Hà Tĩnh', '22', '2020-12-21 03:31:39.000000', '2020-12-21 03:31:39.000000'),
(45, 'Thanh Luyện', 'Xã Phương Điền, huyện Hương Khê, Hà Tĩnh', '22', '2020-12-21 03:32:19.000000', '2020-12-21 03:32:19.000000'),
(46, 'Chu Lễ', 'Thôn 1, xã Hương Thủy, huyện Hương Khê, Hà Tĩnh', '22', '2020-12-21 03:32:54.000000', '2020-12-21 03:32:54.000000'),
(47, 'Hương Phố', 'Khối 12, thị trấn Hương Khê, huyện Hương Khê, Hà Tĩnh', '22', '2020-12-21 03:33:22.000000', '2020-12-21 03:33:22.000000'),
(48, 'Phúc Trạch', 'Xã Hương Trạch, huyện Hương Khê, Hà Tĩnh', '22', '2020-12-21 03:33:49.000000', '2020-12-21 03:33:49.000000'),
(49, 'La Khê', 'Xã Hương Hóa, huyện Tuyên Hóa, Quảng Bình', '24', '2020-12-21 03:34:13.000000', '2020-12-21 03:34:13.000000'),
(50, 'Tân Ấp', 'Xã Hương Hóa, Huyện Tuyên Hóa, Tỉnh Quảng Bình', '24', '2020-12-21 03:35:01.000000', '2020-12-21 03:35:01.000000'),
(51, 'Đồng Chuối', 'Xã Hương Hóa, huyện Tuyên Hóa, Quảng Bình', '24', '2020-12-21 03:35:37.000000', '2020-12-21 03:35:37.000000'),
(52, 'Kim Lũ', 'Xã Kim Hoá, huyện Tuyên Hóa, Quảng Bình', '24', '2020-12-21 03:36:10.000000', '2020-12-21 03:36:10.000000'),
(53, 'Đồng Lê', 'Tiểu khu 2, thị trấn Đồng Lê, huyện Tuyên Hó, Quảng Bình', '24', '2020-12-21 03:36:31.000000', '2020-12-21 03:36:31.000000'),
(54, 'Ngọc Lâm', 'Thôn 3, Xã Đức Hoá, huyện Tuyên Hóa, Quảng Bình', '24', '2020-12-21 03:36:57.000000', '2020-12-21 03:36:57.000000'),
(55, 'Lạc Sơn', 'Thôn Lạc Sơn, xã Châu Hóa, huyện Tuyên Hóa, Quảng Bình', '24', '2020-12-21 03:37:22.000000', '2020-12-21 03:37:22.000000'),
(56, 'Lệ Sơn', 'Xã Văn Hóa, huyện Tuyên Hó, Quảng Bình', '24', '2020-12-21 03:37:51.000000', '2020-12-21 03:37:51.000000'),
(57, 'Minh Lệ', 'Xã Quảng Minh, Ba Đồn,thị xã Ba Đồn, Quảng Bình', '24', '2020-12-21 03:38:12.000000', '2020-12-21 03:38:12.000000'),
(58, 'Ngân Sơn', 'Thôn Phú Kinh, xã Liên Trạch, huyện Bố Trạch, Quảng Bình', '24', '2020-12-21 03:38:34.000000', '2020-12-21 03:38:34.000000'),
(59, 'Thọ Lộc', 'Xã Vạn Trạch, huyện Bố Trạch, Quảng Bình', '24', '2020-12-21 03:38:55.000000', '2020-12-21 03:38:55.000000'),
(60, 'Hoàn Lão', 'Thị trấn Hoàn Lão, huyện Bố Trạch, Quảng Bình', '24', '2020-12-21 03:39:20.000000', '2020-12-21 03:39:20.000000'),
(61, 'Phúc Tự', 'Thôn Phúc Tự Đông, xã Đại Trạch, huyện Bố Trạch, Quảng Bình', '24', '2020-12-21 03:40:09.000000', '2020-12-21 03:40:09.000000'),
(62, 'Đồng Hới', 'Đồng Hới, Quảng Bình', '24', '2020-12-21 03:40:28.000000', '2020-12-21 03:40:28.000000'),
(63, 'Lệ Kỳ', 'Xã Vĩnh Ninh, huyện Quảng Ninh, Quảng Bình', '24', '2020-12-21 03:40:47.000000', '2020-12-21 03:40:47.000000'),
(64, 'Long Đại', 'Xã Xuân Ninh, huyện Quảng Ninh, Quảng Bình', '24', '2020-12-21 03:41:18.000000', '2020-12-21 03:41:18.000000'),
(65, 'Mỹ Đức', 'Thôn Mỹ Đức, xã Sơn Thủy, huyện Lệ Thủy, Quảng Bình', '24', '2020-12-21 03:41:42.000000', '2020-12-21 03:41:42.000000'),
(66, 'Phú Hòa', 'Xã Phú Thủy, huyện Lệ Thủy, Quảng Bình', '24', '2020-12-21 03:42:14.000000', '2020-12-21 03:42:14.000000'),
(67, 'Mỹ Trạch', 'Thôn Mỹ Trạch, xã Mỹ Thủy, huyện Lệ Thủy, Quảng Bình', '24', '2020-12-21 03:42:33.000000', '2020-12-21 03:42:33.000000'),
(68, 'Thượng Lâm', 'Xã Thái Thủy, huyện Lệ Thủy, Quảng Bình', '24', '2020-12-21 03:42:52.000000', '2020-12-21 03:42:52.000000'),
(69, 'Sa Lung', 'Xã Vĩnh Long, huyện Vĩnh Linh, Quảng Trị', '26', '2020-12-21 03:43:13.000000', '2020-12-21 03:43:13.000000'),
(70, 'Tiên An', 'Thôn Tiên An, xã Vĩnh Sơn, huyện Vĩnh Linh, Quảng Trị', '26', '2020-12-21 03:43:45.000000', '2020-12-21 03:43:45.000000'),
(71, 'Hà Thanh', 'Thôn Hà Thanh, xã Gio Châu, huyện Gio Linh, Quảng Trị', '26', '2020-12-21 03:44:04.000000', '2020-12-21 03:44:04.000000'),
(72, 'Đông Hà', 'Số 2 Lê Thánh Tôn, thành phố Đông Hà, Tỉnh Quảng Trị', '26', '2020-12-21 03:44:26.000000', '2020-12-21 03:44:26.000000'),
(73, 'Quảng Trị', 'Phường 1, thị xã Quảng Tr, Quảng Trị', '26', '2020-12-21 03:44:46.000000', '2020-12-21 03:44:46.000000'),
(74, 'Diên Sanh', 'Khóm 6, thị trấn Diên Sanh, huyện Hải Lăng, Quảng Trị', '26', '2020-12-21 03:45:07.000000', '2020-12-21 03:45:07.000000'),
(75, 'Mỹ Chánh', 'Thôn Mỹ Chánh, xã Hải Chánh, huyện Hải Lăng, Quảng Trị', '26', '2020-12-21 03:45:46.000000', '2020-12-21 03:45:46.000000'),
(76, 'Phò Trạch', 'Thị trấn Phong Điền, huyện Phong Điền, Thừa Thiên-Huế', '28', '2020-12-21 03:46:15.000000', '2020-12-21 03:46:15.000000'),
(77, 'Hiền Sỹ', 'Thôn Phò Ninh, phường Hương Văn, thị xã Hương Trà, Thừa Thiên-Huế', '28', '2020-12-21 03:46:43.000000', '2020-12-21 03:46:43.000000'),
(78, 'Văn Xá', 'Phường Hương Văn, thị xã Hương Trà, Thừa Thiên-Huế', '28', '2020-12-21 03:47:20.000000', '2020-12-21 03:47:20.000000'),
(79, 'Huế', '02 Bùi Thị Xuân, Phường Đúc, Thành phố Huế, Thừa Thiên - Huế', '28', '2020-12-21 03:48:03.000000', '2020-12-21 03:48:03.000000'),
(80, 'Hương Thủy', 'Khối 1, phường Phú Bài, thị xã Hương Thy, Thừa Thiên-Huế', '28', '2020-12-21 03:48:23.000000', '2020-12-21 03:48:23.000000'),
(81, 'Truồi', 'Thôn Đông An, xã Lộc Điền, huyện Phú Lộc, Thừa Thiên-Huế', '28', '2020-12-21 03:48:43.000000', '2020-12-21 03:48:43.000000'),
(82, 'Cầu Hai', 'Xã Lộc Trì, huyện Phú Lộc, Thừa Thiên-Huế', '28', '2020-12-21 03:49:03.000000', '2020-12-21 03:49:03.000000'),
(83, 'Thừa Lưu', 'Xã Lộc Tiến, huyện Phú Lộc, Thừa Thiên-Huế', '28', '2020-12-21 03:49:22.000000', '2020-12-21 03:49:22.000000'),
(84, 'Lăng Cô', 'Thị trấn Lăng Cô, huyện Phú Lộc, Thừa Thiên-Huế', '28', '2020-12-21 03:49:56.000000', '2020-12-21 03:49:56.000000'),
(85, 'Hải Vân Bắc', 'Thị trấn Lăng Cô, huyện Phú Lộ, Thừa Thiên-Huế', '28', '2020-12-21 03:50:16.000000', '2020-12-21 03:50:16.000000'),
(86, 'Hải Vân', 'Hoà Hiệp Bắc, quận Liên Chiểu, thành phố Đà Nẵng', '30', '2020-12-21 03:50:33.000000', '2020-12-21 03:50:33.000000'),
(87, 'Hải Vân Nam', '370 Nguyễn Văn Cừ, phường Hòa Hiệp Bắc, quận Liên Chiểu, Đà Nẵng', '30', '2020-12-21 03:50:51.000000', '2020-12-21 03:50:51.000000'),
(88, 'Kim Liên', '236/8 Nguyễn Văn Cừ, phường Hòa Hiệp Nam, quận Liên Chiểu, Đà Nẵng', '30', '2020-12-21 03:51:09.000000', '2020-12-21 03:51:09.000000'),
(89, 'Thanh Khê', 'Số 783 Đường Trần Cao Vân, Phường Thanh Khê Đông, Quận Thanh Khê, Thành phố Đà Nẵng', '30', '2020-12-21 03:51:37.000000', '2020-12-21 03:51:37.000000'),
(90, 'Đà Nẵng', '202 Đường Hải Phòng, thành phố Đà Nẵng', '30', '2020-12-21 03:51:55.000000', '2020-12-21 03:51:55.000000'),
(91, 'Lệ Trạch', 'Thôn Dương Sơn, xã Hòa Châu, huyện Hòa Vang, Đà Nẵng', '30', '2020-12-21 03:52:13.000000', '2020-12-21 03:52:13.000000'),
(92, 'Nông Sơn', 'Thôn La Hòa, xã Điện Phước, huyện Điện Bàn, Quảng Nam', '32', '2020-12-21 03:52:33.000000', '2020-12-21 03:52:33.000000'),
(93, 'Trà Kiệu', 'Xã Duy Sơn, huyện Duy Xuyên, Quảng Nam', '32', '2020-12-21 03:52:56.000000', '2020-12-21 03:52:56.000000'),
(94, 'Phú Cang', 'Thôn Quý Phước, xã Bình Quý, huyện Thăng Bình, Quảng Nam', '32', '2020-12-21 03:53:20.000000', '2020-12-21 03:53:20.000000'),
(95, 'An Mỹ', 'Xã Tam An, huyện Phú Ninh, Quảng Nam', '32', '2020-12-21 03:53:40.000000', '2020-12-21 03:53:40.000000'),
(96, 'Tam Kỳ', 'Đường Nguyễn Hoàng, Phường An Xuân, Thành phố Tam Kỳ, Tỉnh Quảng Nam', '32', '2020-12-21 03:54:00.000000', '2020-12-21 03:54:00.000000'),
(97, 'Diêm Phổ', 'Thôn Diêm Phổ, xã Tam Anh, huyện Núi Thành, Quảng Nam', '32', '2020-12-21 03:54:20.000000', '2020-12-21 03:54:20.000000'),
(98, 'Núi Thành', 'Thị trấn Núi Thành, huyện Núi Thàn, Quảng Nam', '32', '2020-12-21 03:54:38.000000', '2020-12-21 03:54:38.000000'),
(99, 'Trị Bình', 'Xã Bình Nguyên, huyện Bình Sơ, Quảng Ngãi', '51', '2020-12-21 03:55:55.000000', '2020-12-21 03:55:55.000000'),
(100, 'Bình Sơn', 'Thôn Long Vinh, xã Bình Long, huyện Bình Sơn, Quảng Ngãi', '51', '2020-12-21 03:56:13.000000', '2020-12-21 03:56:13.000000'),
(101, 'Đại Lộc', 'Xã Tịnh Thọ, huyện Sơn Tịn, Quảng Ngãi', '51', '2020-12-21 03:56:30.000000', '2020-12-21 03:56:30.000000'),
(102, 'Quảng Ngãi', '204 Nguyễn Chí Thanh, Phường Quảng Phú, Thị xã Quảng Ngãi, Tỉnh Quảng Ngãi', '51', '2020-12-21 03:56:49.000000', '2020-12-21 03:56:49.000000'),
(103, 'Hòa Vinh Tây', 'Huyện Nghĩa Hành, Quảng Ngãi', '51', '2020-12-21 03:57:06.000000', '2020-12-21 03:57:06.000000'),
(104, 'Mộ Đức', 'Huyện Mộ Đức, Quảng Ngãi', '51', '2020-12-21 03:57:24.000000', '2020-12-21 03:57:24.000000'),
(105, 'Thạch Trụ', 'Thôn Hiệp An, xã Phổ Phong, huyện Đức Phổ, Quảng Ngãi', '51', '2020-12-21 03:57:42.000000', '2020-12-21 03:57:42.000000'),
(106, 'Đức Phổ', 'thị xã Đức Phổ, Quảng Ngãi', '51', '2020-12-21 03:58:03.000000', '2020-12-21 03:58:03.000000'),
(107, 'Thủy Trạch', 'xã Phổ Cường, thị xã Đức Phổ, Quảng Ngãi', '51', '2020-12-21 03:58:27.000000', '2020-12-21 03:58:27.000000'),
(108, 'Sa Huỳnh', 'Thôn La Vân, xã Phổ Thạnh, Quảng Ngãi', '51', '2020-12-21 03:58:51.000000', '2020-12-21 03:58:51.000000'),
(109, 'Tam Quan', '321 Quốc lộ 1A, phường Tam Qua, thị xã Hoài Nhơn, Bình Định', '36', '2020-12-21 03:59:17.000000', '2020-12-21 03:59:17.000000'),
(110, 'Bồng Sơn', 'Khu phố 1, phường Bồng Sơn, thị xã Hoài Nhơn, Tỉnh Bình Định', '36', '2020-12-21 03:59:41.000000', '2020-12-21 03:59:41.000000'),
(111, 'Vạn Phú', 'Thôn Vạn Phú, xã Mỹ Lộc, huyện Phù Mỹ, Bình Định', '36', '2020-12-21 04:00:05.000000', '2020-12-21 04:00:05.000000'),
(112, 'Phù Mỹ', 'Thôn An Lạc Đông, thị trấn Phù Mỹ, huyện Phù Mỹ, Bình Định', '36', '2020-12-21 04:00:26.000000', '2020-12-21 04:00:26.000000'),
(113, 'Khánh Phước', 'Quốc Lộ 1A, Xã Cát Hanh, huyện Phù Cát, Bình Định', '36', '2020-12-21 04:00:45.000000', '2020-12-21 04:00:45.000000'),
(114, 'Phù Cát', 'Phan Bội Châu, thị trấn Ngô Mây, huyện Phù Cát, Bình Định', '36', '2020-12-21 04:01:07.000000', '2020-12-21 04:01:07.000000'),
(115, 'Bình Định', 'Đường Quang Trung, phường Bình Định, thị xã An Nhơn, tỉnh Bình Định', '36', '2020-12-21 04:01:25.000000', '2020-12-21 04:01:25.000000'),
(116, 'Quy Nhơn', 'đường Lê Hồng Phong, phường Lê Hồng Phong, Quy Nhơn, , tỉnh Bình Định', '36', '2020-12-21 04:01:47.000000', '2020-12-21 04:01:47.000000'),
(117, 'Diêu Trì', 'Thôn Vân Hội 2, thị trấn Diêu Trì, huyện Tuy Phước, tỉnh Bình Định', '38', '2020-12-21 04:02:14.000000', '2020-12-21 04:02:14.000000'),
(118, 'Tân Vinh', 'Thôn Tân Vinh, xã Canh Vinh, huyện Vân Canh, Bình Định', '36', '2020-12-21 04:02:57.000000', '2020-12-21 04:02:57.000000'),
(119, 'Vân Canh', 'Thôn Thịnh Văn 2, thị trấn Vân Canh, Bình Định', '36', '2020-12-21 04:03:16.000000', '2020-12-21 04:03:16.000000'),
(120, 'Phước Lãnh', 'Thôn Lãnh Vân, xã Xuân Lãnh, huyện Đồng Xuân, Phú Yên', '38', '2020-12-21 04:03:40.000000', '2020-12-21 04:03:40.000000'),
(121, 'La Hai', 'Thị trấn La Hai, huyện Đồng Xuâ, Phú Yên', '38', '2020-12-21 04:04:07.000000', '2020-12-21 04:04:07.000000'),
(122, 'Chí Thạnh', 'Thôn Chí Thạnh, thị trấn Chí Thạnh, huyện Tuy An, Phú Yên', '38', '2020-12-21 04:04:29.000000', '2020-12-21 04:04:29.000000'),
(123, 'Hòa Đa', 'Thôn Hòa Đa, xã An Mỹ, Tuy An, huyện Tuy An, Phú Yên', '38', '2020-12-21 04:04:46.000000', '2020-12-21 04:04:46.000000'),
(124, 'Tuy Hòa', '149 Lê Trung Kiên, Phường 2, thành phố Tuy Hòa, tỉnh Phú Yên', '38', '2020-12-21 04:05:05.000000', '2020-12-21 04:05:05.000000'),
(125, 'Đông Tác', 'Đường 3/2, phường Phú Thạnh, thành phố Tuy Hòa, Phú Yên', '38', '2020-12-21 04:05:26.000000', '2020-12-21 04:05:26.000000'),
(126, 'Phú Hiệp', 'Khu phố Phú Hiệp, thị trấn Hòa Hiệp Trung, huyện Đông Hòa, Phú Yên', '38', '2020-12-21 04:05:45.000000', '2020-12-21 04:05:45.000000'),
(127, 'Hảo Sơn', 'Thôn Hảo Sơn, xã Hòa Xuân Nam, huyện Đông Hòa, Phú Yên', '38', '2020-12-21 04:06:08.000000', '2020-12-21 04:06:08.000000'),
(128, 'Đại Lãnh', 'Xóm 2, thôn Đông Nam, xã Đại Lãnh, huyện Vạn Ninh, Khánh Hòa', '41', '2020-12-21 04:07:15.000000', '2020-12-21 04:07:15.000000'),
(129, 'Tu Bông', 'Thôn Long Hòa, xã Vạn Long, huyện Vạn Ninh, Khánh Hòa', '41', '2020-12-21 04:07:34.000000', '2020-12-21 04:07:34.000000'),
(130, 'Giã', 'Tổ Dân phố 10, thị trấn Vạn Giã, huyện Vạn Ninh, Khánh Hòa', '41', '2020-12-21 04:07:54.000000', '2020-12-21 04:07:54.000000'),
(131, 'Hòa Huỳnh', 'Xã Ninh An, thị xã Ninh Hòa, Khánh Hòa', '41', '2020-12-21 04:08:12.000000', '2020-12-21 04:08:12.000000'),
(132, 'Ninh Hòa', 'Tổ dân phố 3, Thị trấn Ninh Hòa, huyện Ninh Hòa, Tỉnh Khánh Hòa', '41', '2020-12-21 04:08:31.000000', '2020-12-21 04:08:31.000000'),
(133, 'Phong Thạnh', 'Thôn Phong Thạnh, xã Ninh Lộc, thị xã Ninh Hòa, Khánh Hòa', '41', '2020-12-21 04:08:51.000000', '2020-12-21 04:08:51.000000'),
(134, 'Lương Sơn', 'Thôn Văn Đăng, Xã Vĩnh Lương, Thành phố Nha Trang, Tỉnh Khánh Hòa', '41', '2020-12-21 04:09:08.000000', '2020-12-21 04:09:08.000000'),
(135, 'Nha Trang', '17 Thái Nguyên, phường Phước Tân, thành phố Nha Trang, tỉnh Khánh Hòa', '41', '2020-12-21 04:09:33.000000', '2020-12-21 04:09:33.000000'),
(136, 'Cây Cầy', 'Xã Suối Hiệp, huyện Diên Khánh, Khánh Hòa', '41', '2020-12-21 04:09:57.000000', '2020-12-21 04:09:57.000000'),
(137, 'Hòa Tân', 'Xã Cam Tân, huyện Cam Lâm, Khánh Hòa', '41', '2020-12-21 04:10:15.000000', '2020-12-21 04:10:15.000000'),
(138, 'Suối Cát', 'Xã Cam Hiệp Nam, huyện Cam Lâm, Khánh Hòa', '41', '2020-12-21 04:10:43.000000', '2020-12-21 04:10:43.000000'),
(139, 'Ngã Ba', 'Xã Cam Phước Đông, thành phố Cam Ranh, Khánh Hòa', '41', '2020-12-21 04:11:02.000000', '2020-12-21 04:11:02.000000'),
(140, 'Kà Rôm', 'Xã Công Hải, huyện Thuận Bắc, Ninh Thuận', '42', '2020-12-21 04:11:20.000000', '2020-12-21 04:11:20.000000'),
(141, 'Phước Nhơn', 'Xã Xuân Hải, huyện Ninh Hải, Ninh Thuận', '42', '2020-12-21 04:11:44.000000', '2020-12-21 04:11:44.000000'),
(142, 'Tháp Chàm', 'Đường Minh Mạng, phường Đô Vinh, thành phố Phan Rang - Tháp Chàm', '42', '2020-12-21 04:12:07.000000', '2020-12-21 04:12:07.000000'),
(143, 'Hòa Trinh', 'Ấp Văn Lâm, Xã Phước Nam, huyện Ninh Phước, Ninh Thuận', '42', '2020-12-21 04:12:31.000000', '2020-12-21 04:12:31.000000'),
(144, 'Cà Ná', 'Xã Cà Ná, huyện Thuận Nam, Ninh Thuận', '42', '2020-12-21 04:12:56.000000', '2020-12-21 04:12:56.000000'),
(145, 'Vĩnh Hảo', 'Xã Vĩnh Hảo, huyện Tuy Phong, Bình Thuận', '42', '2020-12-21 04:13:14.000000', '2020-12-21 04:13:14.000000'),
(146, 'Sông Lòng Sông', 'Xã Phong Phú, huyện Tuy Phon, Bình Thuận', '43', '2020-12-21 04:13:41.000000', '2020-12-21 04:13:41.000000'),
(147, 'Sông Mao', 'Xã Hải Ninh, huyện Bắc Bình, Bình Thuận', '43', '2020-12-21 04:13:59.000000', '2020-12-21 04:13:59.000000'),
(148, 'Châu Hanh', 'Xã Phan Thanh, huyện Bắc Bình, Bình Thuận', '43', '2020-12-21 04:14:17.000000', '2020-12-21 04:14:17.000000'),
(149, 'Sông Lũy', 'Xã Sông Lũy, huyện Bắc Bình, Bình Thuận', '43', '2020-12-21 04:14:36.000000', '2020-12-21 04:14:36.000000'),
(150, 'Long Thạnh', 'Xã Hồng Sơn, huyện Hàm Thuận Bắc, Bình Thuận', '43', '2020-12-21 04:14:52.000000', '2020-12-21 04:14:52.000000'),
(151, 'Ma Lâm', 'Thị trấn Ma Lâm, huyện Hàm Thuận Bắc, Bình Thuận', '43', '2020-12-21 04:15:07.000000', '2020-12-21 04:15:07.000000'),
(152, 'Phan Thiết', 'Số 1 đường Hoàng Hoa Thám, Phường Phú Trinh, Thành phố Phan Thiết, Tỉnh Bình Thuận', '43', '2020-12-21 04:15:23.000000', '2020-12-21 04:15:23.000000'),
(153, 'Bình Thuận', 'xã Mương Mán, Hàm Thuận Nam,  Bình Thuận', '43', '2020-12-21 04:15:44.000000', '2020-12-21 04:15:44.000000'),
(154, 'Suối Vận', 'Xã Hàm Cường, huyện Hàm Thuận Nam, Bình Thuận', '43', '2020-12-21 04:15:58.000000', '2020-12-21 04:15:58.000000'),
(155, 'Sông Phan', 'Xã Sông Phan, huyện Hàm Tân, Bình Thuận', '43', '2020-12-21 04:16:20.000000', '2020-12-21 04:16:20.000000'),
(156, 'Sông Dinh', 'Xã Suối Kiết, huyện Tánh Linh, Bình Thuận', '43', '2020-12-21 04:16:34.000000', '2020-12-21 04:16:34.000000'),
(157, 'Suối Kiết', 'Xã Suối Kiết, huyện Tánh Linh, Bình Thuận', '43', '2020-12-21 04:16:54.000000', '2020-12-21 04:16:54.000000'),
(158, 'Gia Huynh', 'Xã Gia Huynh, huyện Tánh Lin, Bình Thuận', '43', '2020-12-21 04:17:11.000000', '2020-12-21 04:17:11.000000'),
(159, 'Trản Táo', 'Xã Xuân Tâm, huyện Xuân Lộ, Đồng Nai', '45', '2020-12-21 04:17:42.000000', '2020-12-21 04:17:42.000000'),
(160, 'Gia Ray', 'Thị trấn Gia Ray, huyện Xuân Lộ, Đồng Nai', '45', '2020-12-21 04:18:00.000000', '2020-12-21 04:18:00.000000'),
(161, 'Bảo Chánh', 'Xã Xuân Thọ, huyện Xuân Lộc, Đồng Nai', '45', '2020-12-21 04:19:27.000000', '2020-12-21 04:19:27.000000'),
(162, 'Long Khánh', '23 Trần Phú, phường Xuân An, thành phố Long Khánh, Đồng Nai', '45', '2020-12-21 04:19:41.000000', '2020-12-21 04:19:41.000000'),
(163, 'Dầu Giây', 'Thị trấn Dầu Giây, huyện Thống Nhất, Đồng Nai', '45', '2020-12-21 04:19:58.000000', '2020-12-21 04:19:58.000000'),
(164, 'Trảng Bom', 'Xã Quảng Tiến, huyện Trảng Bo, Đồng Nai', '45', '2020-12-21 04:20:14.000000', '2020-12-21 04:20:14.000000'),
(165, 'Hố Nai', 'Điểu Xiển, Phường Tân Hòa, thành phố Biên Hoà, Đồng Nai', '45', '2020-12-21 04:20:32.000000', '2020-12-21 04:20:32.000000'),
(166, 'Biên Hòa', 'Hưng Đạo Vương, phường Trung Dũng, Biên Hòa, Đồng Nai', '45', '2020-12-21 04:20:47.000000', '2020-12-21 04:20:47.000000'),
(167, 'Dĩ An', 'Nguyễn An Ninh,Dĩ An, Bình Dương', '48', '2020-12-21 04:21:07.000000', '2020-12-21 04:21:07.000000'),
(168, 'Sóng Thần', 'Phường An Bình, Thị xã Dĩ An, Tỉnh Bình Dương', '48', '2020-12-21 04:21:23.000000', '2020-12-21 04:21:23.000000'),
(169, 'Bình Triệu', 'Số 1, Đường Kha Vạn Cân, Phường Hiệp Bình Chánh, Quận Thủ Đức, Thành phố Hồ Chí Minh', '49', '2020-12-21 04:21:39.000000', '2020-12-21 04:21:39.000000'),
(170, 'Gò Vấp', 'Số 01 Lê Lai, Phường 3, Quận Gò Vấp, Thành phố Hồ Chí Minh', '49', '2020-12-21 04:21:56.000000', '2020-12-21 04:21:56.000000'),
(171, 'Sài Gòn', '1 Nguyễn Thông, phường 9, Quận 3, thành phố Hồ Chí Minh', '49', '2020-12-21 04:22:17.000000', '2020-12-21 04:22:17.000000'),
(173, 'Lào Cai', 'Phường Phố Mới,thị xã Lào Cai, tỉnh Lào Cai', '52', '2020-12-22 03:29:54.000000', '2020-12-22 03:29:54.000000');

-- --------------------------------------------------------

--
-- Cấu trúc bảng cho bảng `ghe`
--

CREATE TABLE `ghe` (
  `id` bigint(10) UNSIGNED NOT NULL,
  `SOGHE` int(11) NOT NULL,
  `MALOAIGHE` char(10) DEFAULT NULL,
  `toa_id` bigint(10) UNSIGNED DEFAULT NULL
) ENGINE=InnoDB DEFAULT CHARSET=utf8mb4;

--
-- Đang đổ dữ liệu cho bảng `ghe`
--

INSERT INTO `ghe` (`id`, `SOGHE`, `MALOAIGHE`, `toa_id`) VALUES
(1, 1, '1', 24),
(2, 2, '1', 24),
(3, 3, '3', 24),
(4, 4, '3', 24),
(5, 5, '1', 24),
(6, 6, '1', 24),
(7, 7, '3', 24),
(8, 8, '3', 24),
(9, 9, '1', 24),
(10, 10, '1', 24),
(11, 11, '3', 24),
(12, 12, '3', 24),
(13, 13, '1', 24),
(14, 14, '1', 24),
(15, 15, '3', 24),
(16, 16, '3', 24),
(17, 17, '1', 24),
(18, 18, '1', 24),
(19, 19, '3', 24),
(20, 20, '3', 24),
(21, 21, '1', 24),
(22, 22, '1', 24),
(24, 23, '3', 24),
(25, 24, '3', 24),
(26, 25, '3', 24),
(27, 26, '1', 24),
(28, 27, '3', 24),
(29, 28, '3', 24),
(30, 1, '1', 25),
(31, 2, '1', 25),
(32, 3, '3', 25),
(33, 4, '3', 25),
(34, 5, '1', 25),
(35, 6, '1', 25),
(36, 7, '3', 25),
(37, 8, '3', 25),
(38, 9, '1', 25),
(39, 10, '1', 25),
(40, 11, '3', 25),
(41, 12, '3', 25),
(42, 13, '1', 25),
(43, 14, '1', 25),
(44, 15, '3', 25),
(45, 16, '3', 25),
(46, 17, '1', 25),
(47, 18, '1', 25),
(48, 19, '3', 25),
(49, 20, '3', 25),
(50, 21, '1', 25),
(51, 22, '1', 25),
(52, 23, '3', 25),
(53, 24, '3', 25),
(54, 25, '1', 25),
(55, 26, '1', 25),
(56, 27, '3', 25),
(57, 28, '3', 25),
(58, 1, '1', 26),
(59, 2, '1', 26),
(60, 3, '3', 26),
(61, 4, '3', 26),
(62, 5, '1', 26),
(63, 6, '1', 26),
(64, 7, '3', 26),
(65, 8, '3', 26),
(66, 9, '1', 26),
(67, 10, '1', 26),
(68, 11, '3', 26),
(69, 12, '3', 26),
(70, 13, '1', 26),
(71, 14, '1', 26),
(72, 15, '3', 26),
(73, 16, '3', 26),
(74, 17, '1', 26),
(75, 18, '1', 26),
(76, 19, '3', 26),
(77, 20, '3', 26),
(78, 21, '1', 26),
(79, 22, '1', 26),
(80, 23, '3', 26),
(81, 24, '3', 26),
(82, 25, '1', 26),
(83, 26, '1', 26),
(84, 27, '3', 26),
(85, 28, '3', 26),
(86, 1, '1', 19),
(87, 2, '1', 19),
(88, 3, '3', 19),
(89, 4, '3', 19),
(90, 5, '1', 19),
(91, 6, '1', 19),
(92, 7, '3', 19),
(93, 8, '3', 19),
(94, 9, '1', 19),
(95, 10, '1', 19),
(96, 11, '3', 19),
(97, 12, '3', 19),
(98, 13, '1', 19),
(99, 14, '1', 19),
(100, 15, '3', 19),
(101, 16, '3', 19),
(102, 17, '1', 19),
(103, 18, '1', 19),
(104, 19, '3', 19),
(105, 20, '3', 19),
(106, 21, '1', 19),
(107, 21, '1', 19),
(108, 22, '1', 19),
(109, 23, '3', 19),
(110, 24, '3', 19),
(111, 25, '1', 19),
(112, 26, '1', 19),
(113, 17, '3', 19),
(114, 28, '3', 19),
(115, 1, '1', 20),
(116, 2, '1', 20),
(117, 3, '3', 20),
(118, 4, '3', 20),
(119, 5, '1', 20),
(120, 6, '1', 20),
(121, 7, '3', 20),
(122, 8, '3', 20),
(123, 9, '1', 20),
(124, 10, '1', 20),
(125, 11, '3', 20),
(126, 12, '3', 20),
(127, 13, '1', 20),
(128, 14, '1', 20),
(129, 15, '3', 20),
(130, 16, '3', 20),
(131, 17, '1', 20),
(132, 18, '1', 20),
(133, 19, '3', 20),
(134, 20, '3', 20),
(135, 21, '1', 20),
(136, 22, '1', 20),
(137, 23, '3', 20),
(138, 24, '3', 20),
(139, 25, '1', 20),
(140, 26, '1', 20),
(141, 27, '3', 20),
(142, 28, '3', 20),
(143, 1, '1', 21),
(144, 2, '1', 21),
(145, 3, '3', 21),
(146, 4, '3', 21),
(147, 5, '1', 21),
(148, 6, '1', 21),
(149, 7, '3', 21),
(150, 8, '3', 21),
(151, 9, '1', 21),
(152, 10, '1', 21),
(153, 11, '3', 21),
(154, 12, '3', 21),
(155, 13, '1', 21),
(156, 14, '1', 21),
(157, 15, '3', 21),
(158, 16, '3', 21),
(159, 17, '1', 21),
(160, 18, '1', 21),
(161, 19, '3', 21),
(162, 20, '3', 21),
(163, 21, '1', 21),
(164, 22, '1', 21),
(165, 23, '3', 21),
(166, 24, '3', 21),
(167, 25, '1', 21),
(168, 26, '1', 21),
(169, 27, '3', 21),
(170, 28, '3', 21),
(171, 1, '1', 18),
(172, 2, '1', 18),
(173, 3, '3', 18),
(174, 4, '3', 18),
(175, 5, '1', 18),
(176, 6, '1', 18),
(177, 7, '3', 18),
(178, 8, '3', 18),
(179, 9, '1', 18),
(180, 10, '1', 18),
(181, 11, '3', 18),
(182, 12, '3', 18),
(183, 13, '1', 18),
(184, 14, '1', 18),
(185, 15, '3', 18),
(186, 16, '3', 18),
(187, 17, '1', 18),
(188, 18, '1', 18),
(189, 19, '3', 18),
(190, 20, '3', 18),
(191, 21, '1', 18),
(192, 22, '1', 18),
(193, 23, '3', 18),
(194, 24, '3', 18),
(195, 25, '1', 18),
(196, 26, '1', 18),
(197, 27, '3', 18),
(198, 28, '3', 18),
(199, 1, '1', 17),
(200, 2, '1', 17),
(201, 3, '3', 17),
(202, 4, '3', 17),
(203, 5, '1', 17),
(204, 6, '1', 17),
(205, 7, '3', 17),
(206, 8, '3', 17),
(207, 9, '1', 17),
(208, 10, '1', 17),
(209, 11, '3', 17),
(210, 12, '3', 17),
(211, 13, '1', 17),
(212, 14, '1', 17),
(213, 15, '3', 17),
(214, 16, '3', 17),
(215, 17, '1', 17),
(216, 18, '1', 17),
(217, 19, '3', 17),
(218, 20, '3', 17),
(219, 21, '1', 17),
(220, 22, '1', 17),
(221, 23, '3', 17),
(222, 24, '3', 17),
(223, 25, '1', 17),
(224, 26, '1', 17),
(225, 27, '3', 17),
(226, 28, '3', 17),
(227, 1, '1', 16),
(228, 2, '1', 16),
(229, 3, '3', 16),
(230, 4, '3', 16),
(231, 5, '1', 16),
(232, 6, '1', 16),
(233, 7, '3', 16),
(234, 8, '3', 16),
(235, 9, '1', 16),
(236, 10, '1', 16),
(237, 11, '3', 16),
(238, 12, '3', 16),
(239, 13, '1', 16),
(240, 14, '1', 16),
(241, 15, '3', 16),
(242, 16, '3', 16),
(243, 17, '1', 16),
(244, 18, '1', 16),
(245, 19, '3', 16),
(246, 20, '3', 16),
(247, 21, '1', 16),
(248, 22, '1', 16),
(249, 23, '3', 16),
(250, 24, '3', 16),
(251, 25, '1', 16),
(252, 26, '1', 16),
(253, 27, '3', 16),
(254, 28, '3', 16),
(255, 1, '1', 15),
(256, 2, '1', 15),
(257, 3, '3', 15),
(258, 4, '3', 15),
(259, 5, '1', 15),
(260, 6, '1', 15),
(261, 7, '3', 15),
(262, 8, '3', 15),
(263, 9, '1', 15),
(264, 10, '1', 15),
(265, 11, '3', 15),
(266, 12, '3', 15),
(267, 13, '1', 15),
(268, 14, '1', 15),
(269, 15, '3', 15),
(270, 16, '3', 15),
(271, 17, '1', 15),
(272, 18, '1', 15),
(273, 19, '3', 15),
(274, 20, '3', 15),
(275, 21, '1', 15),
(276, 22, '1', 15),
(277, 23, '3', 15),
(278, 24, '3', 15),
(279, 25, '1', 15),
(280, 26, '1', 15),
(281, 27, '3', 15),
(282, 28, '3', 15),
(283, 1, '1', 14),
(284, 2, '1', 14),
(285, 3, '3', 14),
(286, 4, '3', 14),
(287, 5, '1', 14),
(288, 6, '1', 14),
(289, 7, '3', 14),
(290, 8, '3', 14),
(291, 9, '1', 14),
(292, 10, '1', 14),
(293, 11, '3', 14),
(294, 12, '3', 14),
(295, 13, '1', 14),
(296, 14, '1', 14),
(297, 15, '3', 14),
(298, 16, '3', 14),
(299, 17, '1', 14),
(300, 18, '1', 14),
(301, 19, '3', 14),
(302, 20, '3', 14),
(303, 21, '1', 14),
(304, 22, '1', 14),
(305, 23, '3', 14),
(306, 24, '3', 14),
(307, 25, '1', 14),
(308, 26, '1', 14),
(309, 27, '3', 14),
(310, 28, '3', 14),
(311, 1, '1', 13),
(312, 2, '1', 13),
(313, 3, '3', 13),
(314, 4, '3', 13),
(315, 5, '1', 13),
(316, 6, '1', 13),
(317, 7, '3', 13),
(318, 8, '3', 13),
(319, 9, '1', 13),
(320, 10, '1', 13),
(321, 11, '3', 13),
(322, 12, '3', 13),
(323, 13, '1', 13),
(324, 14, '1', 13),
(325, 15, '3', 13),
(326, 16, '3', 13),
(327, 17, '1', 13),
(328, 18, '1', 13),
(329, 19, '3', 13),
(330, 20, '3', 13),
(331, 21, '1', 13),
(332, 22, '1', 13),
(333, 23, '3', 13),
(334, 24, '3', 13),
(335, 25, '1', 13),
(336, 26, '1', 13),
(337, 27, '3', 13),
(338, 28, '3', 13),
(339, 1, '1', 12),
(340, 2, '1', 12),
(341, 3, '3', 12),
(342, 4, '3', 12),
(343, 5, '1', 12),
(344, 6, '1', 12),
(345, 7, '3', 12),
(346, 8, '3', 12),
(347, 9, '1', 12),
(348, 10, '1', 12),
(349, 11, '3', 12),
(350, 12, '3', 12),
(351, 13, '1', 12),
(352, 14, '1', 12),
(353, 15, '3', 12),
(354, 16, '3', 12),
(355, 17, '1', 12),
(356, 18, '1', 12),
(357, 19, '3', 12),
(358, 20, '3', 12),
(359, 21, '1', 12),
(360, 22, '1', 13),
(361, 23, '3', 12),
(362, 24, '3', 12),
(363, 25, '1', 12),
(364, 26, '1', 12),
(365, 27, '3', 12),
(366, 28, '3', 12),
(367, 1, '1', 11),
(368, 2, '1', 11),
(369, 3, '3', 11),
(370, 4, '3', 11),
(371, 5, '1', 11),
(372, 6, '1', 11),
(373, 7, '3', 11),
(374, 8, '3', 11),
(375, 9, '1', 11),
(376, 10, '1', 11),
(377, 11, '3', 11),
(378, 12, '3', 11),
(379, 13, '1', 11),
(380, 14, '1', 11),
(381, 15, '3', 11),
(382, 16, '3', 11),
(383, 17, '1', 11),
(384, 18, '1', 11),
(385, 19, '3', 11),
(386, 20, '3', 11),
(387, 21, '1', 11),
(388, 22, '1', 11),
(389, 23, '3', 11),
(390, 24, '3', 11),
(391, 25, '1', 11),
(392, 26, '1', 11),
(393, 27, '3', 11),
(394, 28, '3', 11),
(395, 1, '1', 7),
(396, 2, '1', 7),
(397, 3, '3', 7),
(398, 4, '3', 7),
(399, 5, '1', 7),
(400, 6, '1', 7),
(401, 7, '3', 7),
(402, 8, '3', 7),
(403, 9, '1', 7),
(404, 10, '1', 7),
(405, 11, '3', 7),
(406, 12, '3', 7),
(407, 13, '1', 7),
(408, 14, '1', 7),
(409, 15, '3', 7),
(410, 16, '3', 7),
(411, 17, '1', 7),
(412, 18, '1', 7),
(413, 19, '3', 7),
(414, 20, '3', 7),
(415, 21, '1', 7),
(416, 22, '1', 7),
(417, 23, '3', 7),
(418, 24, '3', 7),
(419, 25, '1', 7),
(420, 26, '1', 7),
(421, 27, '3', 7),
(422, 28, '3', 7),
(423, 1, '1', 6),
(424, 2, '1', 6),
(425, 3, '3', 6),
(426, 4, '3', 6),
(427, 5, '1', 6),
(428, 6, '1', 6),
(429, 7, '3', 6),
(430, 8, '3', 6),
(431, 9, '1', 6),
(432, 10, '1', 6),
(433, 11, '3', 6),
(434, 12, '3', 6),
(435, 13, '1', 6),
(436, 14, '1', 6),
(437, 15, '3', 6),
(438, 16, '3', 6),
(439, 17, '1', 6),
(440, 18, '1', 6),
(441, 19, '3', 6),
(442, 20, '3', 6),
(443, 21, '1', 6),
(444, 22, '1', 6),
(445, 23, '3', 6),
(446, 24, '3', 6),
(447, 25, '1', 6),
(448, 26, '1', 6),
(449, 27, '3', 6),
(450, 28, '3', 6),
(451, 1, '1', 5),
(452, 2, '1', 5),
(453, 3, '3', 5),
(454, 4, '3', 5),
(455, 5, '1', 5),
(456, 6, '1', 5),
(457, 7, '3', 5),
(458, 8, '3', 5),
(459, 9, '1', 5),
(460, 10, '1', 5),
(461, 11, '3', 5),
(462, 12, '3', 5),
(463, 13, '1', 5),
(464, 14, '1', 5),
(465, 15, '3', 5),
(466, 16, '3', 5),
(467, 17, '1', 5),
(468, 18, '1', 5),
(469, 19, '3', 5),
(470, 20, '3', 5),
(471, 21, '1', 5),
(472, 22, '1', 5),
(473, 23, '3', 5),
(474, 24, '3', 5),
(475, 25, '1', 5),
(476, 26, '1', 5),
(477, 27, '3', 5),
(478, 28, '3', 5),
(479, 1, '1', 4),
(480, 2, '1', 4),
(481, 3, '3', 4),
(482, 4, '3', 4),
(483, 5, '1', 4),
(484, 6, '1', 4),
(485, 7, '3', 4),
(486, 8, '3', 4),
(487, 9, '1', 4),
(488, 10, '1', 4),
(489, 11, '3', 4),
(490, 12, '3', 4),
(491, 13, '1', 4),
(492, 14, '1', 4),
(493, 15, '3', 4),
(494, 16, '3', 4),
(495, 17, '1', 4),
(496, 18, '1', 4),
(497, 19, '3', 4),
(498, 20, '3', 4),
(499, 21, '1', 4),
(500, 22, '1', 4),
(501, 23, '3', 4),
(502, 24, '3', 4),
(503, 25, '1', 4),
(504, 26, '1', 4),
(505, 27, '3', 4),
(506, 28, '3', 4),
(507, 1, '1', 3),
(508, 2, '1', 3),
(509, 3, '3', 3),
(510, 4, '3', 3),
(511, 5, '1', 3),
(512, 6, '1', 3),
(513, 7, '3', 3),
(514, 8, '3', 3),
(515, 9, '1', 3),
(516, 10, '1', 3),
(517, 11, '3', 3),
(518, 12, '3', 3),
(519, 13, '1', 3),
(520, 14, '1', 3),
(521, 15, '3', 3),
(522, 16, '3', 3),
(523, 17, '1', 3),
(524, 18, '1', 3),
(525, 19, '3', 3),
(526, 20, '3', 3),
(527, 21, '1', 3),
(528, 22, '1', 3),
(529, 23, '3', 3),
(530, 24, '3', 3),
(531, 25, '1', 3),
(532, 26, '1', 3),
(533, 27, '3', 3),
(534, 28, '3', 3),
(535, 1, '4', 2),
(536, 2, '4', 2),
(537, 3, '5', 2),
(538, 4, '5', 2),
(539, 5, '6', 2),
(540, 6, '6', 2),
(541, 7, '4', 2),
(542, 8, '4', 2),
(543, 9, '5', 2),
(544, 10, '5', 2),
(545, 11, '6', 2),
(546, 12, '6', 2),
(547, 13, '4', 2),
(548, 14, '4', 2),
(549, 15, '5', 2),
(550, 16, '5', 2),
(551, 17, '6', 2),
(552, 18, '6', 2),
(553, 19, '4', 2),
(554, 20, '4', 2),
(555, 21, '5', 2),
(556, 22, '5', 2),
(557, 23, '6', 2),
(558, 24, '6', 2),
(559, 25, '4', 2),
(560, 26, '4', 2),
(561, 27, '5', 2),
(562, 28, '5', 2),
(563, 29, '6', 2),
(564, 30, '6', 2),
(565, 31, '4', 2),
(566, 32, '4', 2),
(567, 33, '5', 2),
(568, 34, '5', 2),
(569, 35, '6', 2),
(570, 36, '6', 2),
(571, 37, '4', 2),
(572, 38, '4', 2),
(573, 39, '5', 2),
(574, 40, '5', 2),
(575, 41, '6', 2),
(576, 42, '6', 2),
(577, 1, '4', 8),
(578, 2, '4', 8),
(579, 3, '5', 8),
(580, 4, '5', 8),
(581, 5, '6', 8),
(582, 6, '6', 8),
(583, 7, '4', 8),
(584, 8, '4', 8),
(585, 9, '5', 8),
(586, 10, '5', 8),
(587, 11, '6', 8),
(588, 12, '6', 8),
(589, 13, '4', 8),
(590, 14, '4', 8),
(591, 15, '5', 8),
(592, 16, '5', 8),
(593, 17, '6', 8),
(594, 18, '6', 8),
(595, 19, '4', 8),
(596, 20, '4', 8),
(597, 21, '5', 8),
(598, 22, '5', 8),
(599, 23, '6', 8),
(600, 24, '6', 8),
(601, 25, '4', 8),
(602, 26, '4', 8),
(603, 27, '5', 8),
(604, 28, '5', 8),
(605, 29, '6', 8),
(606, 30, '6', 8),
(607, 31, '4', 8),
(608, 32, '4', 8),
(609, 33, '5', 8),
(610, 34, '5', 8),
(611, 35, '6', 8),
(612, 36, '6', 8),
(613, 37, '4', 8),
(614, 38, '4', 8),
(615, 39, '5', 8),
(616, 40, '5', 8),
(617, 41, '6', 8),
(618, 42, '6', 8),
(619, 1, '4', 9),
(620, 2, '4', 9),
(621, 3, '5', 9),
(622, 4, '5', 9),
(623, 5, '6', 9),
(624, 6, '6', 9),
(625, 7, '4', 9),
(626, 8, '4', 9),
(627, 9, '5', 9),
(628, 10, '5', 9),
(629, 11, '6', 9),
(630, 12, '6', 9),
(631, 13, '4', 9),
(632, 14, '4', 9),
(633, 15, '5', 9),
(634, 16, '5', 9),
(635, 17, '6', 9),
(636, 18, '6', 9),
(637, 19, '4', 9),
(638, 20, '4', 9),
(639, 21, '5', 9),
(640, 22, '5', 9),
(641, 23, '6', 9),
(642, 24, '6', 9),
(643, 25, '4', 9),
(644, 26, '4', 9),
(645, 27, '5', 9),
(646, 28, '5', 9),
(647, 29, '6', 9),
(648, 30, '6', 9),
(649, 31, '4', 9),
(650, 32, '4', 9),
(651, 33, '5', 9),
(652, 34, '5', 9),
(653, 35, '6', 9),
(654, 36, '6', 9),
(655, 37, '4', 9),
(656, 38, '4', 9),
(657, 39, '5', 9),
(658, 40, '5', 9),
(659, 41, '6', 9),
(660, 42, '6', 9),
(661, 1, '4', 10),
(662, 2, '4', 10),
(663, 3, '5', 10),
(664, 4, '5', 10),
(665, 5, '6', 10),
(666, 6, '6', 10),
(667, 7, '4', 10),
(668, 8, '4', 10),
(669, 9, '5', 10),
(670, 10, '5', 10),
(671, 11, '6', 10),
(672, 12, '6', 10),
(673, 13, '4', 10),
(674, 14, '4', 10),
(675, 15, '5', 10),
(676, 16, '5', 10),
(677, 17, '6', 10),
(678, 18, '6', 10),
(679, 19, '4', 10),
(680, 20, '4', 10),
(681, 21, '5', 10),
(682, 22, '5', 10),
(683, 23, '6', 10),
(684, 24, '6', 10),
(685, 25, '4', 10),
(686, 26, '4', 10),
(687, 27, '5', 10),
(688, 28, '5', 10),
(689, 29, '6', 10),
(690, 30, '6', 10),
(691, 31, '4', 10),
(692, 32, '4', 10),
(693, 33, '5', 10),
(694, 34, '5', 10),
(695, 35, '6', 10),
(696, 36, '6', 10),
(697, 37, '4', 10),
(698, 38, '4', 10),
(699, 39, '5', 10),
(700, 40, '5', 10),
(701, 41, '6', 10),
(702, 42, '6', 10),
(703, 1, '9', 22),
(704, 2, '9', 22),
(705, 3, '9', 22),
(706, 4, '9', 22),
(707, 5, '9', 22),
(708, 6, '9', 22),
(709, 7, '9', 22),
(710, 8, '9', 22),
(711, 9, '9', 22),
(712, 10, '9', 22),
(713, 11, '9', 22),
(714, 12, '9', 22),
(715, 13, '9', 22),
(716, 14, '9', 22),
(717, 15, '9', 22),
(718, 16, '9', 22),
(719, 17, '9', 22),
(720, 18, '9', 22),
(721, 19, '9', 22),
(722, 20, '9', 22),
(723, 21, '9', 22),
(724, 22, '9', 22),
(725, 23, '9', 22),
(726, 24, '9', 22),
(727, 25, '9', 22),
(728, 26, '9', 22),
(729, 27, '9', 22),
(730, 28, '9', 22),
(731, 29, '9', 22),
(732, 30, '9', 22),
(733, 31, '9', 22),
(734, 32, '9', 22),
(735, 33, '9', 22),
(736, 34, '9', 22),
(737, 35, '9', 22),
(738, 36, '9', 22),
(739, 37, '9', 22),
(740, 38, '9', 22),
(741, 39, '9', 22),
(742, 40, '9', 22),
(743, 41, '9', 22),
(745, 42, '9', 22),
(746, 43, '9', 22),
(747, 44, '9', 22),
(748, 45, '9', 22),
(749, 46, '9', 22),
(750, 47, '9', 22),
(751, 48, '9', 22),
(752, 49, '9', 22),
(753, 50, '9', 22),
(754, 51, '9', 22),
(755, 52, '9', 22),
(756, 1, '9', 23),
(757, 2, '9', 23),
(758, 3, '9', 23),
(759, 4, '9', 23),
(760, 5, '9', 23),
(761, 6, '9', 23),
(762, 7, '9', 23),
(763, 8, '9', 23),
(764, 9, '9', 23),
(765, 10, '9', 23),
(766, 11, '9', 23),
(767, 12, '9', 23),
(768, 13, '9', 23),
(769, 14, '9', 23),
(770, 15, '9', 23),
(771, 16, '9', 23),
(772, 17, '9', 23),
(773, 18, '9', 23),
(774, 19, '9', 23),
(775, 20, '9', 23),
(776, 21, '9', 23),
(777, 22, '9', 23),
(778, 23, '9', 23),
(779, 24, '9', 23),
(780, 25, '9', 23),
(781, 26, '9', 23),
(782, 27, '9', 23),
(783, 28, '9', 23),
(784, 29, '9', 23),
(785, 30, '9', 23),
(786, 31, '9', 23),
(787, 32, '9', 23),
(788, 33, '9', 23),
(789, 34, '9', 23),
(790, 35, '9', 23),
(791, 36, '9', 23),
(792, 37, '9', 23),
(793, 38, '9', 23),
(794, 39, '9', 23),
(795, 40, '9', 23),
(796, 41, '9', 23),
(797, 42, '9', 23),
(798, 42, '9', 23),
(799, 43, '9', 23),
(800, 44, '9', 23),
(801, 45, '9', 23),
(802, 46, '9', 23),
(803, 47, '9', 23),
(804, 48, '9', 23),
(805, 49, '9', 23),
(806, 50, '9', 23),
(807, 51, '9', 23),
(808, 52, '9', 23),
(809, 1, '9', 28),
(810, 2, '9', 28),
(811, 3, '9', 28),
(812, 4, '9', 28),
(813, 5, '9', 28),
(814, 6, '9', 28),
(815, 7, '9', 28),
(816, 8, '9', 28),
(817, 9, '9', 28),
(818, 10, '9', 28),
(819, 11, '9', 28),
(820, 12, '9', 28),
(821, 13, '9', 28),
(822, 14, '9', 28),
(823, 15, '9', 28),
(824, 16, '9', 28),
(825, 17, '9', 28),
(826, 18, '9', 28),
(827, 19, '9', 28),
(828, 20, '9', 28),
(829, 21, '9', 28),
(830, 22, '9', 28),
(831, 23, '9', 28),
(832, 24, '9', 28),
(833, 25, '9', 23),
(834, 26, '9', 28),
(835, 27, '9', 28),
(836, 28, '9', 28),
(837, 29, '9', 28),
(838, 30, '9', 28),
(839, 31, '9', 28),
(840, 32, '9', 28),
(841, 33, '9', 28),
(842, 34, '9', 28),
(843, 35, '9', 28),
(844, 36, '9', 28),
(845, 37, '9', 28),
(846, 38, '9', 28),
(847, 39, '9', 28),
(848, 40, '9', 28),
(849, 41, '9', 28),
(850, 42, '9', 28),
(851, 42, '9', 28),
(852, 43, '9', 28),
(853, 44, '9', 28),
(854, 45, '9', 28),
(855, 46, '9', 28),
(856, 47, '9', 28),
(857, 48, '9', 28),
(858, 49, '9', 28),
(859, 50, '9', 28),
(860, 51, '9', 28),
(861, 52, '9', 28),
(862, 1, '9', 29),
(863, 2, '9', 29),
(864, 3, '9', 29),
(865, 4, '9', 29),
(866, 5, '9', 29),
(867, 6, '9', 29),
(868, 7, '9', 29),
(869, 8, '9', 29),
(870, 9, '9', 29),
(871, 10, '9', 29),
(872, 11, '9', 29),
(873, 12, '9', 29),
(874, 13, '9', 29),
(875, 14, '9', 29),
(876, 15, '9', 29),
(877, 16, '9', 29),
(878, 17, '9', 29),
(879, 18, '9', 29),
(880, 19, '9', 29),
(881, 20, '9', 29),
(882, 21, '9', 29),
(883, 22, '9', 29),
(884, 23, '9', 29),
(885, 24, '9', 29),
(886, 25, '9', 29),
(887, 26, '9', 29),
(888, 27, '9', 29),
(889, 28, '9', 29),
(890, 29, '9', 29),
(891, 30, '9', 29),
(892, 31, '9', 29),
(893, 32, '9', 29),
(894, 33, '9', 29),
(895, 34, '9', 29),
(896, 35, '9', 29),
(897, 36, '9', 29),
(898, 37, '9', 29),
(899, 38, '9', 29),
(900, 39, '9', 29),
(901, 40, '9', 29),
(902, 41, '9', 29),
(903, 42, '9', 29),
(904, 42, '9', 29),
(905, 43, '9', 29),
(906, 44, '9', 29),
(907, 45, '9', 29),
(908, 46, '9', 29),
(909, 47, '9', 29),
(910, 48, '9', 29),
(911, 49, '9', 29),
(912, 50, '9', 29),
(913, 51, '9', 29),
(914, 52, '9', 29),
(915, 1, '1', 31),
(916, 2, '1', 31),
(917, 3, '3', 31),
(918, 4, '3', 31),
(919, 5, '1', 31),
(920, 6, '1', 31),
(921, 7, '3', 31),
(922, 8, '3', 31),
(923, 9, '1', 31),
(924, 10, '1', 31),
(925, 11, '3', 31),
(926, 12, '3', 31),
(927, 13, '1', 31),
(928, 14, '1', 31),
(929, 15, '3', 31),
(930, 16, '3', 31),
(931, 17, '1', 31),
(932, 18, '1', 31),
(933, 19, '3', 31),
(934, 20, '3', 31),
(935, 21, '1', 31),
(936, 22, '1', 31),
(937, 23, '3', 31),
(938, 24, '3', 31),
(939, 25, '3', 31),
(940, 26, '1', 31),
(941, 27, '3', 31),
(942, 28, '3', 31),
(943, 1, '1', 32),
(944, 2, '1', 32),
(945, 3, '3', 32),
(946, 4, '3', 32),
(947, 5, '1', 32),
(948, 6, '1', 32),
(949, 7, '3', 32),
(950, 8, '3', 32),
(951, 9, '1', 32),
(952, 10, '1', 32),
(953, 11, '3', 32),
(954, 12, '3', 32),
(955, 13, '1', 32),
(956, 14, '1', 32),
(957, 15, '3', 32),
(958, 16, '3', 32),
(959, 17, '1', 32),
(960, 18, '1', 32),
(961, 19, '3', 32),
(962, 20, '3', 32),
(963, 21, '1', 32),
(964, 22, '1', 32),
(965, 23, '3', 32),
(966, 24, '3', 32),
(967, 25, '3', 32),
(968, 26, '1', 32),
(969, 27, '3', 31),
(970, 28, '3', 32),
(971, 1, '1', 33),
(972, 2, '1', 33),
(973, 3, '3', 33),
(974, 4, '3', 33),
(975, 5, '1', 33),
(976, 6, '1', 33),
(977, 7, '3', 33),
(978, 8, '3', 33),
(979, 9, '1', 33),
(980, 10, '1', 33),
(981, 11, '3', 33),
(982, 12, '3', 33),
(983, 13, '1', 33),
(984, 14, '1', 33),
(985, 15, '3', 33),
(986, 16, '3', 33),
(987, 17, '1', 33),
(988, 18, '1', 33),
(989, 19, '3', 33),
(990, 20, '3', 33),
(991, 21, '1', 33),
(992, 22, '1', 33),
(993, 23, '3', 33),
(994, 24, '3', 33),
(995, 25, '3', 33),
(996, 26, '1', 33),
(997, 27, '3', 33),
(998, 28, '3', 33),
(999, 1, '1', 34),
(1000, 2, '1', 34),
(1001, 3, '3', 34),
(1002, 4, '3', 34),
(1003, 5, '1', 34),
(1004, 6, '1', 34),
(1005, 7, '3', 34),
(1006, 8, '3', 34),
(1007, 9, '1', 34),
(1008, 10, '1', 34),
(1009, 11, '3', 34),
(1010, 12, '3', 34),
(1011, 13, '1', 34),
(1012, 14, '1', 34),
(1013, 15, '3', 34),
(1014, 16, '3', 34),
(1015, 17, '1', 34),
(1016, 18, '1', 34),
(1017, 19, '3', 34),
(1018, 20, '3', 34),
(1019, 21, '1', 34),
(1020, 22, '1', 34),
(1021, 23, '3', 34),
(1022, 24, '3', 34),
(1023, 25, '3', 34),
(1024, 26, '1', 34),
(1025, 27, '3', 34),
(1026, 28, '3', 34),
(1027, 1, '9', 35),
(1028, 2, '9', 35),
(1029, 3, '9', 35),
(1030, 4, '9', 35),
(1031, 5, '9', 35),
(1032, 6, '9', 35),
(1033, 7, '9', 35),
(1034, 8, '9', 35),
(1035, 9, '9', 35),
(1036, 10, '9', 35),
(1037, 11, '9', 35),
(1038, 12, '9', 35),
(1039, 13, '9', 35),
(1040, 14, '9', 35),
(1041, 15, '9', 35),
(1042, 16, '9', 35),
(1043, 17, '9', 35),
(1044, 18, '9', 35),
(1045, 19, '9', 35),
(1046, 20, '9', 35),
(1047, 21, '9', 35),
(1048, 22, '9', 35),
(1049, 23, '9', 35),
(1050, 24, '9', 35),
(1051, 25, '9', 35),
(1052, 26, '9', 35),
(1053, 27, '9', 35),
(1054, 28, '9', 35),
(1055, 29, '9', 35),
(1056, 30, '9', 35),
(1057, 31, '9', 35),
(1058, 32, '9', 35),
(1059, 33, '9', 35),
(1060, 34, '9', 35),
(1061, 35, '9', 35),
(1062, 36, '9', 35),
(1063, 37, '9', 35),
(1064, 38, '9', 35),
(1065, 39, '9', 35),
(1066, 40, '9', 35),
(1067, 41, '9', 35),
(1068, 42, '9', 35),
(1070, 43, '9', 35),
(1071, 44, '9', 35),
(1072, 45, '9', 35),
(1073, 46, '9', 35),
(1074, 47, '9', 35),
(1075, 48, '9', 35),
(1076, 49, '9', 35),
(1077, 50, '9', 35),
(1078, 51, '9', 35),
(1079, 52, '9', 35);

-- --------------------------------------------------------

--
-- Cấu trúc bảng cho bảng `khachhang`
--

CREATE TABLE `khachhang` (
  `id` bigint(10) UNSIGNED NOT NULL,
  `TENKH` varchar(50) NOT NULL,
  `SOCMND` char(15) NOT NULL,
  `EMAIL` char(50) DEFAULT NULL,
  `SODT` char(15) NOT NULL,
  `MADOITUONG` char(10) NOT NULL,
  `updated_at` datetime NOT NULL,
  `created_at` datetime NOT NULL
) ENGINE=InnoDB DEFAULT CHARSET=utf8mb4;

--
-- Đang đổ dữ liệu cho bảng `khachhang`
--

INSERT INTO `khachhang` (`id`, `TENKH`, `SOCMND`, `EMAIL`, `SODT`, `MADOITUONG`, `updated_at`, `created_at`) VALUES
(1, 'Nguyễn Hoài Bảo', '272654699', 'bao23ztin@gmail.com', '0383377588', '1', '0000-00-00 00:00:00', '0000-00-00 00:00:00'),
(2, 'Nguyễn Viết Sơn', '242536498', 'sonnguyen2000@gmail.com', '0383377588', '1', '0000-00-00 00:00:00', '0000-00-00 00:00:00'),
(3, 'Chu Hoài Linh', '272649356', 'linlcoi2001@gmail.com', '0383377588', '2', '0000-00-00 00:00:00', '0000-00-00 00:00:00'),
(4, 'Nguyễn Viết Dũng', '', NULL, '', '3', '0000-00-00 00:00:00', '0000-00-00 00:00:00'),
(5, 'Đặng Hoàng Dung', '22345858', NULL, '0383377588', '4', '0000-00-00 00:00:00', '0000-00-00 00:00:00');

-- --------------------------------------------------------

--
-- Cấu trúc bảng cho bảng `loaighe`
--

CREATE TABLE `loaighe` (
  `id` bigint(10) UNSIGNED NOT NULL,
  `TENLOAIGHE` varchar(50) DEFAULT NULL,
  `updated_at` datetime NOT NULL,
  `created_at` datetime NOT NULL
) ENGINE=InnoDB DEFAULT CHARSET=utf8mb4;

--
-- Đang đổ dữ liệu cho bảng `loaighe`
--

INSERT INTO `loaighe` (`id`, `TENLOAIGHE`, `updated_at`, `created_at`) VALUES
(1, 'Nằm khoang 4 điều hòa tầng 1', '2020-12-21 04:34:34', '0000-00-00 00:00:00'),
(3, 'Nằm khoang 4 điều hòa tầng 2', '2020-12-21 08:15:55', '2020-12-21 08:15:55'),
(4, 'Nằm khoang 6 điều hòa tầng 1', '2020-12-21 08:16:22', '2020-12-21 08:16:22'),
(5, 'Nằm khoang 6 điều hòa tầng 2', '2020-12-21 08:16:41', '2020-12-21 08:16:41'),
(6, 'Nằm khoang 6 điều hòa tầng 3', '2020-12-21 08:16:58', '2020-12-21 08:16:58'),
(7, 'Ghế phụ', '2020-12-21 08:17:14', '2020-12-21 08:17:14'),
(8, 'Ngồi cứng điều hòa', '2020-12-21 08:17:30', '2020-12-21 08:17:30'),
(9, 'Ngồi mềm điều hòa', '2020-12-21 08:17:41', '2020-12-21 08:17:41');

-- --------------------------------------------------------

--
-- Cấu trúc bảng cho bảng `loaitau`
--

CREATE TABLE `loaitau` (
  `id` bigint(10) UNSIGNED NOT NULL,
  `TENLOAITAU` varchar(50) DEFAULT NULL,
  `updated_at` datetime NOT NULL,
  `created_at` datetime NOT NULL
) ENGINE=InnoDB DEFAULT CHARSET=utf8mb4;

--
-- Đang đổ dữ liệu cho bảng `loaitau`
--

INSERT INTO `loaitau` (`id`, `TENLOAITAU`, `updated_at`, `created_at`) VALUES
(1, 'SE', '0000-00-00 00:00:00', '0000-00-00 00:00:00'),
(7, 'TN', '2020-12-15 03:07:48', '2020-12-15 03:07:48');

-- --------------------------------------------------------

--
-- Cấu trúc bảng cho bảng `loaitoa`
--

CREATE TABLE `loaitoa` (
  `id` bigint(10) UNSIGNED NOT NULL,
  `TENLOAITOA` varchar(50) DEFAULT NULL,
  `SOGHE` int(11) DEFAULT NULL,
  `updated_at` datetime NOT NULL,
  `created_at` datetime NOT NULL
) ENGINE=InnoDB DEFAULT CHARSET=utf8mb4;

--
-- Đang đổ dữ liệu cho bảng `loaitoa`
--

INSERT INTO `loaitoa` (`id`, `TENLOAITOA`, `SOGHE`, `updated_at`, `created_at`) VALUES
(1, 'Giường Nằm Khoang 4 Điều Hòa', 28, '2020-12-15 04:28:30', '0000-00-00 00:00:00'),
(2, 'Giường nằm khoang 6 điều hòa', 42, '2020-12-21 04:35:51', '2020-12-21 04:35:51'),
(3, 'Ngồi cứng điều hòa', 80, '2020-12-21 04:50:24', '2020-12-21 04:49:36'),
(4, 'Ngồi mềm điều hòa', 64, '2020-12-21 04:50:10', '2020-12-21 04:50:10');

-- --------------------------------------------------------

--
-- Cấu trúc bảng cho bảng `tau`
--

CREATE TABLE `tau` (
  `id` bigint(10) UNSIGNED NOT NULL,
  `TENTAU` varchar(50) DEFAULT NULL,
  `MALOAITAU` char(10) DEFAULT NULL,
  `updated_at` datetime NOT NULL,
  `created_at` datetime NOT NULL
) ENGINE=InnoDB DEFAULT CHARSET=utf8mb4;

--
-- Đang đổ dữ liệu cho bảng `tau`
--

INSERT INTO `tau` (`id`, `TENTAU`, `MALOAITAU`, `updated_at`, `created_at`) VALUES
(6, 'TN1', '7', '2020-12-15 07:23:52', '2020-12-15 07:23:52'),
(7, 'SE1', '1', '2020-12-21 04:24:11', '2020-12-21 04:24:11'),
(8, 'SE2', '1', '2020-12-21 04:24:21', '2020-12-21 04:24:21'),
(9, 'SE3', '1', '2020-12-21 04:24:33', '2020-12-21 04:24:33'),
(10, 'SE4', '1', '2020-12-21 04:24:41', '2020-12-21 04:24:41'),
(11, 'SE5', '1', '2020-12-21 04:24:48', '2020-12-21 04:24:48'),
(12, 'SE6', '1', '2020-12-21 04:24:56', '2020-12-21 04:24:56'),
(13, 'SE7', '1', '2020-12-21 04:25:03', '2020-12-21 04:25:03'),
(14, 'SE8', '1', '2020-12-21 04:25:10', '2020-12-21 04:25:10'),
(15, 'TN2', '7', '2020-12-21 04:25:25', '2020-12-21 04:25:25');

-- --------------------------------------------------------

--
-- Cấu trúc bảng cho bảng `thongtindatve`
--

CREATE TABLE `thongtindatve` (
  `id` bigint(10) UNSIGNED NOT NULL,
  `MAKHACHHANG` char(10) NOT NULL,
  `MACHUYEN` char(10) DEFAULT NULL,
  `MAVE` char(10) DEFAULT NULL,
  `THANHTIEN` float DEFAULT NULL,
  `updated_at` bigint(20) NOT NULL,
  `created_at` bigint(20) NOT NULL
) ENGINE=InnoDB DEFAULT CHARSET=utf8mb4;

--
-- Đang đổ dữ liệu cho bảng `thongtindatve`
--

INSERT INTO `thongtindatve` (`id`, `MAKHACHHANG`, `MACHUYEN`, `MAVE`, `THANHTIEN`, `updated_at`, `created_at`) VALUES
(1, '1', '5', '1', 0, 0, 0);

-- --------------------------------------------------------

--
-- Cấu trúc bảng cho bảng `tinh`
--

CREATE TABLE `tinh` (
  `id` bigint(10) UNSIGNED NOT NULL,
  `TENTINH` varchar(50) DEFAULT NULL,
  `updated_at` datetime NOT NULL,
  `created_at` datetime NOT NULL
) ENGINE=InnoDB DEFAULT CHARSET=utf8mb4;

--
-- Đang đổ dữ liệu cho bảng `tinh`
--

INSERT INTO `tinh` (`id`, `TENTINH`, `updated_at`, `created_at`) VALUES
(9, 'Hà Nội', '0000-00-00 00:00:00', '0000-00-00 00:00:00'),
(10, 'Hà Nam', '2020-12-21 09:52:12', '2020-12-21 09:52:12'),
(12, 'Nam Định', '2020-12-21 09:52:56', '2020-12-21 09:52:56'),
(13, 'Ninh Bình', '2020-12-21 09:52:56', '2020-12-21 09:52:56'),
(18, 'Thanh Hóa', '2020-12-21 09:54:18', '2020-12-21 09:54:18'),
(20, 'Nghệ An', '2020-12-21 09:54:55', '2020-12-21 09:54:55'),
(22, 'Hà Tĩnh', '0000-00-00 00:00:00', '0000-00-00 00:00:00'),
(24, 'Quảng Bình', '2020-12-21 09:55:38', '2020-12-21 09:55:38'),
(26, 'Quảng Trị', '2020-12-21 09:56:08', '2020-12-21 09:56:08'),
(28, 'Thừa Thiên-Huế', '2020-12-21 09:56:57', '2020-12-21 09:56:57'),
(30, 'Đà Nẵng', '2020-12-21 09:57:11', '2020-12-21 09:57:11'),
(32, 'Quảng Nam', '2020-12-21 09:57:55', '2020-12-21 09:57:55'),
(36, 'Bình Định', '2020-12-21 10:00:54', '2020-12-21 10:00:54'),
(38, 'Phú Yên', '2020-12-21 10:01:54', '2020-12-21 10:01:54'),
(41, 'Khánh Hòa', '2020-12-21 10:02:27', '2020-12-21 10:02:27'),
(42, 'Ninh Thuận', '2020-12-21 10:03:06', '2020-12-21 10:03:06'),
(43, 'Bình Thuận', '2020-12-21 10:03:41', '2020-12-21 10:03:41'),
(45, 'Đồng Nai', '2020-12-21 10:04:11', '2020-12-21 10:04:11'),
(48, 'Bình Dương', '2020-12-21 10:04:26', '2020-12-21 10:04:26'),
(49, 'Hồ Chí Minh', '2020-12-21 10:05:12', '2020-12-21 10:05:12'),
(51, 'Quảng Ngãi', '2020-12-21 03:55:25', '2020-12-21 03:55:25'),
(52, 'Lào Cai', '2020-12-22 03:29:26', '2020-12-22 03:29:26');

-- --------------------------------------------------------

--
-- Cấu trúc bảng cho bảng `toa`
--

CREATE TABLE `toa` (
  `id` bigint(10) UNSIGNED NOT NULL,
  `MALOAITOA` char(10) DEFAULT NULL,
  `tau_id` bigint(10) UNSIGNED DEFAULT NULL,
  `updated_at` datetime NOT NULL,
  `created_at` datetime NOT NULL,
  `TENTOA` varchar(50) NOT NULL,
  `CHUTHICHTOA` varchar(255) NOT NULL
) ENGINE=InnoDB DEFAULT CHARSET=utf8mb4;

--
-- Đang đổ dữ liệu cho bảng `toa`
--

INSERT INTO `toa` (`id`, `MALOAITOA`, `tau_id`, `updated_at`, `created_at`, `TENTOA`, `CHUTHICHTOA`) VALUES
(2, '2', 7, '2020-12-21 07:57:58', '2020-12-21 04:57:54', 'Toa 5', 'Toa 5 Giường nằm khoang 6 điều hòa tàu SE1'),
(3, '2', 11, '2020-12-21 07:57:24', '2020-12-21 04:58:25', 'Toa 4', 'Toa 4 Giường nằm khoang 4 điều hòa tàu SE5'),
(4, '2', 13, '2020-12-21 07:56:57', '2020-12-21 04:58:49', 'Toa 6', 'Toa 6 Giường nằm khoang 4 điều hòa tàu SE7'),
(5, '2', 9, '2020-12-21 07:56:24', '2020-12-21 04:59:15', 'Toa 5', 'Toa 5 Giường nằm khoang 4 điều hòa tàu SE3'),
(6, '2', 14, '2020-12-21 07:55:19', '2020-12-21 05:00:06', 'Toa 4', 'Toa 4 Giường nằm khoang 4 điều hòa tàu SE8'),
(7, '2', 10, '2020-12-21 07:53:56', '2020-12-21 05:00:28', 'Toa 4', 'Toa 4 Giường nằm khoang 4 điều hòa tàu SE4'),
(8, '2', 8, '2020-12-21 07:49:14', '2020-12-21 05:00:46', 'Toa 4', 'Toa 4 Giường nằm khoang 6 điều hòa tàu SE2'),
(9, '2', 8, '2020-12-21 07:52:40', '2020-12-21 07:52:40', 'Toa 5', 'Toa 5 Giường nằm khoang 6 điều hòa tàu SE2'),
(10, '2', 8, '2020-12-21 07:52:59', '2020-12-21 07:52:59', 'Toa 6', 'Toa 6 Giường nằm khoang 6 điều hòa tàu SE2'),
(11, '2', 10, '2020-12-21 07:54:15', '2020-12-21 07:54:15', 'Toa 5', 'Toa 5 Giường nằm khoang 4 điều hòa tàu SE4'),
(12, '2', 10, '2020-12-21 07:54:30', '2020-12-21 07:54:30', 'Toa 6', 'Toa 6 Giường nằm khoang 4 điều hòa tàu SE4'),
(13, '2', 10, '2020-12-21 07:54:47', '2020-12-21 07:54:47', 'Toa 7', 'Toa 7 Giường nằm khoang 4 điều hòa tàu SE4'),
(14, '2', 14, '2020-12-21 07:55:32', '2020-12-21 07:55:32', 'Toa 5', 'Toa 5 Giường nằm khoang 4 điều hòa tàu SE8'),
(15, '2', 14, '2020-12-21 07:55:49', '2020-12-21 07:55:49', 'Toa 6', 'Toa 6 Giường nằm khoang 4 điều hòa tàu SE8'),
(16, '2', 14, '2020-12-21 07:56:03', '2020-12-21 07:56:03', 'Toa 7', 'Toa 7 Giường nằm khoang 4 điều hòa tàu SE8'),
(17, '2', 9, '2020-12-21 07:56:35', '2020-12-21 07:56:35', 'Toa 6', 'Toa 6 Giường nằm khoang 4 điều hòa tàu SE3'),
(18, '2', 11, '2020-12-21 07:57:37', '2020-12-21 07:57:37', 'Toa 5', 'Toa 5 Giường nằm khoang 4 điều hòa tàu SE5'),
(19, '1', 7, '2020-12-21 08:00:33', '2020-12-21 08:00:33', 'Toa 6', 'Toa 6 Giường Nằm Khoang 4 Điều Hòa tàu SE1'),
(20, '1', 7, '2020-12-21 08:00:50', '2020-12-21 08:00:50', 'Toa 7', 'Toa 7 Giường Nằm Khoang 4 Điều Hòa tàu SE1'),
(21, '1', 7, '2020-12-21 08:01:00', '2020-12-21 08:01:00', 'Toa 8', 'Toa 8 Giường Nằm Khoang 4 Điều Hòa tàu SE1'),
(22, '4', 7, '2020-12-21 08:01:28', '2020-12-21 08:01:28', 'Toa 1', 'Toa 1 Ngồi mềm điều hòa tàu SE1'),
(23, '4', 7, '2020-12-21 08:01:41', '2020-12-21 08:01:41', 'Toa 2', 'Toa 2 Ngồi mềm điều hòa tàu SE1'),
(24, '1', 8, '2020-12-21 08:02:11', '2020-12-21 08:02:11', 'Toa 7', 'Toa 7 Giường nằm khoang 4 điều hòa tàu SE2'),
(25, '1', 8, '2020-12-21 08:02:27', '2020-12-21 08:02:27', 'Toa 8', 'Toa 8 Giường nằm khoang 4 điều hòa tàu SE2'),
(26, '1', 8, '2020-12-21 08:02:36', '2020-12-21 08:02:36', 'Toa 9', 'Toa 9 Giường nằm khoang 4 điều hòa tàu SE2'),
(27, '1', 8, '2020-12-21 08:02:45', '2020-12-21 08:02:45', 'Toa 10', 'Toa 10 Giường nằm khoang 4 điều hòa tàu SE2'),
(28, '4', 8, '2020-12-21 08:03:02', '2020-12-21 08:03:02', 'Toa 1', 'Toa 1 Ngồi mềm điều hòa tàu SE2'),
(29, '4', 8, '2020-12-21 08:03:13', '2020-12-21 08:03:13', 'Toa 2', 'Toa 2 Ngồi mềm điều hòa tàu SE2'),
(30, '4', 8, '2020-12-21 08:03:33', '2020-12-21 08:03:33', 'Toa 3', 'Toa 3 Ngồi mềm điều hòa tàu SE2'),
(31, '1', 9, '2020-12-21 08:04:16', '2020-12-21 08:04:16', 'Toa 7', 'Toa 7 Giường nằm khoang 4 điều hòa tàu SE3'),
(32, '1', 9, '2020-12-21 08:04:28', '2020-12-21 08:04:28', 'Toa 8', 'Toa 8 Giường nằm khoang 4 điều hòa tàu SE3'),
(33, '1', 9, '2020-12-21 08:04:38', '2020-12-21 08:04:38', 'Toa 9', 'Toa 9 Giường nằm khoang 4 điều hòa tàu SE3'),
(34, '1', 9, '2020-12-21 08:04:48', '2020-12-21 08:04:48', 'Toa 10', 'Toa 10 Giường nằm khoang 4 điều hòa tàu SE3'),
(35, '4', 9, '2020-12-21 08:05:10', '2020-12-21 08:05:10', 'Toa 1', 'Toa 1 Ngồi mềm điều hòa tàu SE3'),
(36, '1', 10, '2020-12-21 08:06:28', '2020-12-21 08:06:28', 'Toa 8', 'Toa 8 Giường nằm khoang 4 điều hòa tàu SE4'),
(37, '1', 10, '2020-12-21 08:06:38', '2020-12-21 08:06:38', 'Toa 9', 'Toa 9 Giường nằm khoang 4 điều hòa tàu SE4'),
(38, '1', 10, '2020-12-21 08:06:54', '2020-12-21 08:06:54', 'Toa 10', 'Toa 10 Giường nằm khoang 4 điều hòa tàu SE4'),
(39, '1', 10, '2020-12-21 08:07:04', '2020-12-21 08:07:04', 'Toa 11', 'Toa 11 Giường nằm khoang 4 điều hòa tàu SE4'),
(40, '4', 10, '2020-12-21 08:07:25', '2020-12-21 08:07:25', 'Toa 1', 'Toa 1 Ngồi mềm điều hòa tàu SE4'),
(41, '4', 10, '2020-12-21 08:07:36', '2020-12-21 08:07:36', 'Toa 2', 'Toa 2 Ngồi mềm điều hòa tàu SE4'),
(42, '4', 10, '2020-12-21 08:07:46', '2020-12-21 08:07:46', 'Toa 3', 'Toa 4 Ngồi mềm điều hòa tàu SE4'),
(43, '1', 11, '2020-12-21 08:08:09', '2020-12-21 08:08:09', 'Toa 6', 'Toa 6 Giường nằm khoang 4 điều hòa tàu SE5'),
(44, '1', 11, '2020-12-21 08:08:18', '2020-12-21 08:08:18', 'Toa 7', 'Toa 7 Giường nằm khoang 4 điều hòa tàu SE5'),
(45, '1', 11, '2020-12-21 08:08:29', '2020-12-21 08:08:29', 'Toa 8', 'Toa 8 Giường nằm khoang 4 điều hòa tàu SE5'),
(46, '3', 11, '2020-12-21 08:08:46', '2020-12-21 08:08:46', 'Toa 1', 'Toa 1 ngồi cứng điều hòa tàu SE5'),
(47, '4', 11, '2020-12-21 08:08:56', '2020-12-21 08:08:56', 'Toa 2', 'Toa 2 Ngồi mềm điều hòa tàu SE5'),
(48, '1', 12, '2020-12-21 08:09:17', '2020-12-21 08:09:17', 'Toa 7', 'Toa 7 Giường nằm khoang 4 điều hòa tàu SE6'),
(49, '1', 12, '2020-12-21 08:09:27', '2020-12-21 08:09:27', 'Toa 8', 'Toa 8 Giường nằm khoang 4 điều hòa tàu SE6'),
(50, '1', 12, '2020-12-21 08:09:35', '2020-12-21 08:09:35', 'Toa 9', 'Toa 9 Giường nằm khoang 4 điều hòa tàu SE6'),
(51, '1', 12, '2020-12-21 08:09:45', '2020-12-21 08:09:45', 'Toa 10', 'Toa 10 Giường nằm khoang 4 điều hòa tàu SE6'),
(52, '4', 12, '2020-12-21 08:10:03', '2020-12-21 08:10:03', 'Toa 1', 'Toa 1 Ngồi mềm điều hòa tàu SE6'),
(53, '4', 12, '2020-12-21 08:10:16', '2020-12-21 08:10:16', 'Toa 2', 'Toa 2 Ngồi mềm điều hòa tàu SE6'),
(54, '4', 12, '2020-12-21 08:10:40', '2020-12-21 08:10:28', 'Toa 3', 'Toa 3 Ngồi mềm điều hòa tàu SE6'),
(55, '1', 13, '2020-12-21 08:11:16', '2020-12-21 08:11:16', 'Toa 8', 'Toa 8 Giường nằm khoang 4 điều hòa tàu SE7'),
(56, '1', 13, '2020-12-21 08:11:28', '2020-12-21 08:11:28', 'Toa 9', 'Toa 9 Giường nằm khoang 4 điều hòa tàu SE7'),
(57, '1', 13, '2020-12-21 08:11:38', '2020-12-21 08:11:38', 'Toa 10', 'Toa 10 Giường nằm khoang 4 điều hòa tàu SE7'),
(58, '4', 13, '2020-12-21 08:11:58', '2020-12-21 08:11:58', 'Toa 2', 'Toa 2 Ngồi mềm điều hòa tàu SE7'),
(59, '3', 13, '2020-12-21 08:12:15', '2020-12-21 08:12:15', 'Toa 1', 'Toa 1 Ngồi cứng điều hòa tàu SE7'),
(60, '1', 14, '2020-12-21 08:12:38', '2020-12-21 08:12:38', 'Toa 8', 'Toa 8 Giường nằm khoang 4 điều hòa tàu SE8'),
(61, '1', 14, '2020-12-21 08:12:49', '2020-12-21 08:12:49', 'Toa 9', 'Toa 9 Giường nằm khoang 4 điều hòa tàu SE8'),
(63, '4', 13, '2020-12-21 08:13:21', '2020-12-21 08:13:21', 'Toa 1', 'Toa 1 Ngồi mềm điều hòa tàu SE7'),
(64, '4', 14, '2020-12-21 08:13:33', '2020-12-21 08:13:33', 'Toa 2', 'Toa 2 Ngồi mềm điều hòa tàu SE8'),
(65, '4', 14, '2020-12-21 08:13:45', '2020-12-21 08:13:45', 'Toa 3', 'Toa 3 Ngồi mềm điều hòa tàu SE8');

-- --------------------------------------------------------

--
-- Cấu trúc bảng cho bảng `tt_giave`
--

CREATE TABLE `tt_giave` (
  `id` bigint(20) UNSIGNED NOT NULL,
  `MALOAIGHE` char(11) NOT NULL,
  `MACHUYEN` char(11) NOT NULL,
  `NGAY` datetime NOT NULL,
  `GIAVE` double NOT NULL,
  `updated_at` datetime NOT NULL,
  `created_at` datetime NOT NULL
) ENGINE=InnoDB DEFAULT CHARSET=utf8mb4;

--
-- Đang đổ dữ liệu cho bảng `tt_giave`
--

INSERT INTO `tt_giave` (`id`, `MALOAIGHE`, `MACHUYEN`, `NGAY`, `GIAVE`, `updated_at`, `created_at`) VALUES
(1, '1', '1', '2021-01-08 00:00:00', 1505000, '0000-00-00 00:00:00', '0000-00-00 00:00:00'),
(2, '3', '5', '2021-01-09 00:00:00', 1345000, '0000-00-00 00:00:00', '0000-00-00 00:00:00'),
(3, '4', '7', '2021-01-09 00:00:00', 1354000, '0000-00-00 00:00:00', '0000-00-00 00:00:00'),
(4, '5', '7', '2021-01-09 00:00:00', 1182000, '0000-00-00 00:00:00', '0000-00-00 00:00:00'),
(5, '6', '7', '2021-01-09 00:00:00', 1095000, '0000-00-00 00:00:00', '0000-00-00 00:00:00'),
(6, '9', '7', '2021-01-09 00:00:00', 965000, '0000-00-00 00:00:00', '0000-00-00 00:00:00'),
(7, '8', '7', '2021-01-09 00:00:00', 664000, '0000-00-00 00:00:00', '0000-00-00 00:00:00'),
(8, '7', '7', '2021-01-09 00:00:00', 622, '0000-00-00 00:00:00', '0000-00-00 00:00:00');

-- --------------------------------------------------------

--
-- Cấu trúc bảng cho bảng `tuyen`
--

CREATE TABLE `tuyen` (
  `id` bigint(10) UNSIGNED NOT NULL,
  `GADI` char(10) DEFAULT NULL,
  `GADEN` char(10) DEFAULT NULL,
  `updated_at` datetime NOT NULL,
  `created_at` datetime NOT NULL
) ENGINE=InnoDB DEFAULT CHARSET=utf8mb4;

--
-- Đang đổ dữ liệu cho bảng `tuyen`
--

INSERT INTO `tuyen` (`id`, `GADI`, `GADEN`, `updated_at`, `created_at`) VALUES
(1, 'Hà Nội', 'Sài Gòn', '0000-00-00 00:00:00', '0000-00-00 00:00:00'),
(2, 'Hà Nội', 'Lào Cai', '0000-00-00 00:00:00', '0000-00-00 00:00:00'),
(3, 'Sài Gòn', 'Hà Nội', '0000-00-00 00:00:00', '0000-00-00 00:00:00');

-- --------------------------------------------------------

--
-- Cấu trúc bảng cho bảng `vengay`
--

CREATE TABLE `vengay` (
  `id` bigint(10) UNSIGNED NOT NULL,
  `ghe_id` bigint(10) UNSIGNED DEFAULT NULL,
  `NGAY` date DEFAULT NULL,
  `status` int(11) NOT NULL,
  `updated_at` datetime NOT NULL,
  `created_at` datetime NOT NULL
) ENGINE=InnoDB DEFAULT CHARSET=utf8mb4;

--
-- Đang đổ dữ liệu cho bảng `vengay`
--

INSERT INTO `vengay` (`id`, `ghe_id`, `NGAY`, `status`, `updated_at`, `created_at`) VALUES
(1, 1, '2021-01-09', 0, '0000-00-00 00:00:00', '0000-00-00 00:00:00'),
(2, 2, '2021-01-09', 0, '0000-00-00 00:00:00', '0000-00-00 00:00:00'),
(3, 3, '2021-01-09', 0, '0000-00-00 00:00:00', '0000-00-00 00:00:00'),
(4, 4, '2021-01-09', 1, '0000-00-00 00:00:00', '0000-00-00 00:00:00'),
(5, 546, '2021-01-08', 0, '0000-00-00 00:00:00', '0000-00-00 00:00:00'),
(6, 547, '2021-01-08', 0, '0000-00-00 00:00:00', '0000-00-00 00:00:00'),
(7, 548, '2021-01-08', 0, '0000-00-00 00:00:00', '0000-00-00 00:00:00'),
(8, 549, '2021-01-08', 0, '0000-00-00 00:00:00', '0000-00-00 00:00:00'),
(9, 550, '2021-01-08', 0, '0000-00-00 00:00:00', '0000-00-00 00:00:00'),
(10, 551, '2021-01-08', 0, '0000-00-00 00:00:00', '0000-00-00 00:00:00'),
(11, 552, '2021-01-08', 0, '0000-00-00 00:00:00', '0000-00-00 00:00:00'),
(12, 553, '2021-01-08', 0, '0000-00-00 00:00:00', '0000-00-00 00:00:00'),
(13, 554, '2021-01-08', 0, '0000-00-00 00:00:00', '0000-00-00 00:00:00'),
(14, 555, '2021-01-08', 0, '0000-00-00 00:00:00', '0000-00-00 00:00:00'),
(15, 556, '2021-01-08', 0, '0000-00-00 00:00:00', '0000-00-00 00:00:00'),
(16, 557, '2021-01-08', 0, '0000-00-00 00:00:00', '0000-00-00 00:00:00'),
(17, 558, '2021-01-08', 0, '0000-00-00 00:00:00', '0000-00-00 00:00:00'),
(18, 559, '2021-01-08', 0, '0000-00-00 00:00:00', '0000-00-00 00:00:00'),
(19, 560, '2021-01-08', 0, '0000-00-00 00:00:00', '0000-00-00 00:00:00'),
(20, 561, '2021-01-08', 0, '0000-00-00 00:00:00', '0000-00-00 00:00:00'),
(21, 562, '2021-01-08', 0, '0000-00-00 00:00:00', '0000-00-00 00:00:00'),
(22, 563, '2021-01-08', 0, '0000-00-00 00:00:00', '0000-00-00 00:00:00'),
(23, 564, '2021-01-08', 0, '0000-00-00 00:00:00', '0000-00-00 00:00:00'),
(24, 565, '2021-01-08', 0, '0000-00-00 00:00:00', '0000-00-00 00:00:00'),
(25, 566, '2021-01-08', 0, '0000-00-00 00:00:00', '0000-00-00 00:00:00'),
(26, 567, '2021-01-08', 0, '0000-00-00 00:00:00', '0000-00-00 00:00:00'),
(27, 568, '2021-01-08', 0, '0000-00-00 00:00:00', '0000-00-00 00:00:00'),
(28, 569, '2021-01-08', 0, '0000-00-00 00:00:00', '0000-00-00 00:00:00'),
(29, 570, '2021-01-08', 0, '0000-00-00 00:00:00', '0000-00-00 00:00:00'),
(30, 571, '2021-01-08', 0, '0000-00-00 00:00:00', '0000-00-00 00:00:00'),
(31, 572, '2021-01-08', 0, '0000-00-00 00:00:00', '0000-00-00 00:00:00'),
(32, 573, '2021-01-08', 0, '0000-00-00 00:00:00', '0000-00-00 00:00:00'),
(33, 574, '2021-01-08', 0, '0000-00-00 00:00:00', '0000-00-00 00:00:00'),
(34, 575, '2021-01-08', 0, '0000-00-00 00:00:00', '0000-00-00 00:00:00'),
(35, 545, '2021-01-08', 0, '0000-00-00 00:00:00', '0000-00-00 00:00:00'),
(36, 544, '2021-01-08', 0, '0000-00-00 00:00:00', '0000-00-00 00:00:00'),
(37, 543, '2021-01-08', 0, '0000-00-00 00:00:00', '0000-00-00 00:00:00'),
(38, 542, '2021-01-08', 0, '0000-00-00 00:00:00', '0000-00-00 00:00:00'),
(39, 541, '2021-01-08', 0, '0000-00-00 00:00:00', '0000-00-00 00:00:00'),
(40, 540, '2021-01-08', 0, '0000-00-00 00:00:00', '0000-00-00 00:00:00'),
(41, 539, '2021-01-08', 0, '0000-00-00 00:00:00', '0000-00-00 00:00:00'),
(42, 538, '2021-01-08', 0, '0000-00-00 00:00:00', '0000-00-00 00:00:00'),
(43, 537, '2021-01-08', 0, '0000-00-00 00:00:00', '0000-00-00 00:00:00'),
(44, 536, '2021-01-08', 0, '0000-00-00 00:00:00', '0000-00-00 00:00:00'),
(45, 535, '2021-01-08', 0, '0000-00-00 00:00:00', '0000-00-00 00:00:00'),
(46, 86, '2021-01-08', 1, '0000-00-00 00:00:00', '0000-00-00 00:00:00'),
(47, 87, '2021-01-08', 1, '0000-00-00 00:00:00', '0000-00-00 00:00:00'),
(48, 88, '2021-01-08', 1, '0000-00-00 00:00:00', '0000-00-00 00:00:00'),
(49, 89, '2021-01-08', 0, '0000-00-00 00:00:00', '0000-00-00 00:00:00'),
(50, 90, '2021-01-08', 0, '0000-00-00 00:00:00', '0000-00-00 00:00:00'),
(51, 91, '2021-01-08', 0, '0000-00-00 00:00:00', '0000-00-00 00:00:00'),
(52, 92, '2021-01-08', 0, '0000-00-00 00:00:00', '0000-00-00 00:00:00'),
(53, 93, '2021-01-08', 0, '0000-00-00 00:00:00', '0000-00-00 00:00:00'),
(54, 94, '2021-01-08', 0, '0000-00-00 00:00:00', '0000-00-00 00:00:00'),
(55, 95, '2021-01-08', 0, '0000-00-00 00:00:00', '0000-00-00 00:00:00'),
(56, 96, '2021-01-08', 0, '0000-00-00 00:00:00', '0000-00-00 00:00:00'),
(57, 97, '2021-01-08', 0, '0000-00-00 00:00:00', '0000-00-00 00:00:00'),
(58, 98, '2021-01-08', 0, '0000-00-00 00:00:00', '0000-00-00 00:00:00'),
(59, 99, '2021-01-08', 0, '0000-00-00 00:00:00', '0000-00-00 00:00:00'),
(60, 100, '2021-01-08', 0, '0000-00-00 00:00:00', '0000-00-00 00:00:00'),
(61, 101, '2021-01-08', 0, '0000-00-00 00:00:00', '0000-00-00 00:00:00'),
(62, 102, '2021-01-08', 0, '0000-00-00 00:00:00', '0000-00-00 00:00:00'),
(63, 103, '2021-01-08', 0, '0000-00-00 00:00:00', '0000-00-00 00:00:00'),
(64, 104, '2021-01-08', 0, '0000-00-00 00:00:00', '0000-00-00 00:00:00'),
(65, 105, '2021-01-08', 0, '0000-00-00 00:00:00', '0000-00-00 00:00:00'),
(66, 106, '2021-01-08', 0, '0000-00-00 00:00:00', '0000-00-00 00:00:00'),
(67, 107, '2021-01-08', 0, '0000-00-00 00:00:00', '0000-00-00 00:00:00'),
(68, 108, '2021-01-08', 0, '0000-00-00 00:00:00', '0000-00-00 00:00:00'),
(69, 109, '2021-01-08', 0, '0000-00-00 00:00:00', '0000-00-00 00:00:00'),
(70, 110, '2021-01-08', 0, '0000-00-00 00:00:00', '0000-00-00 00:00:00'),
(71, 111, '2021-01-08', 0, '0000-00-00 00:00:00', '0000-00-00 00:00:00'),
(72, 112, '2021-01-08', 0, '0000-00-00 00:00:00', '0000-00-00 00:00:00'),
(73, 113, '2021-01-08', 0, '0000-00-00 00:00:00', '0000-00-00 00:00:00'),
(74, 114, '2021-01-08', 0, '0000-00-00 00:00:00', '0000-00-00 00:00:00'),
(75, 115, '2021-01-08', 0, '0000-00-00 00:00:00', '0000-00-00 00:00:00'),
(76, 116, '2021-01-08', 0, '0000-00-00 00:00:00', '0000-00-00 00:00:00'),
(77, 117, '2021-01-08', 0, '0000-00-00 00:00:00', '0000-00-00 00:00:00'),
(78, 118, '2021-01-08', 0, '0000-00-00 00:00:00', '0000-00-00 00:00:00'),
(79, 119, '2021-01-08', 0, '0000-00-00 00:00:00', '0000-00-00 00:00:00'),
(80, 120, '2021-01-08', 0, '0000-00-00 00:00:00', '0000-00-00 00:00:00'),
(81, 121, '2021-01-08', 0, '0000-00-00 00:00:00', '0000-00-00 00:00:00'),
(82, 122, '2021-01-08', 0, '0000-00-00 00:00:00', '0000-00-00 00:00:00'),
(83, 123, '2021-01-08', 0, '0000-00-00 00:00:00', '0000-00-00 00:00:00'),
(84, 124, '2021-01-08', 0, '0000-00-00 00:00:00', '0000-00-00 00:00:00'),
(85, 125, '2021-01-08', 0, '0000-00-00 00:00:00', '0000-00-00 00:00:00'),
(86, 126, '2021-01-08', 0, '0000-00-00 00:00:00', '0000-00-00 00:00:00'),
(87, 127, '2021-01-08', 0, '0000-00-00 00:00:00', '0000-00-00 00:00:00'),
(88, 128, '2021-01-08', 0, '0000-00-00 00:00:00', '0000-00-00 00:00:00'),
(89, 129, '2021-01-08', 0, '0000-00-00 00:00:00', '0000-00-00 00:00:00'),
(90, 130, '2021-01-08', 0, '0000-00-00 00:00:00', '0000-00-00 00:00:00'),
(91, 131, '2021-01-08', 0, '0000-00-00 00:00:00', '0000-00-00 00:00:00'),
(92, 132, '2021-01-08', 0, '0000-00-00 00:00:00', '0000-00-00 00:00:00'),
(93, 133, '2021-01-08', 0, '0000-00-00 00:00:00', '0000-00-00 00:00:00'),
(94, 134, '2021-01-08', 0, '0000-00-00 00:00:00', '0000-00-00 00:00:00'),
(95, 135, '2021-01-08', 0, '0000-00-00 00:00:00', '0000-00-00 00:00:00'),
(96, 136, '2021-01-08', 0, '0000-00-00 00:00:00', '0000-00-00 00:00:00'),
(97, 137, '2021-01-08', 0, '0000-00-00 00:00:00', '0000-00-00 00:00:00'),
(98, 138, '2021-01-08', 0, '0000-00-00 00:00:00', '0000-00-00 00:00:00'),
(99, 139, '2021-01-08', 0, '0000-00-00 00:00:00', '0000-00-00 00:00:00'),
(100, 140, '2021-01-08', 0, '0000-00-00 00:00:00', '0000-00-00 00:00:00'),
(101, 141, '2021-01-08', 0, '0000-00-00 00:00:00', '0000-00-00 00:00:00'),
(102, 142, '2021-01-08', 0, '0000-00-00 00:00:00', '0000-00-00 00:00:00'),
(103, 143, '2021-01-08', 0, '0000-00-00 00:00:00', '0000-00-00 00:00:00'),
(104, 144, '2021-01-08', 0, '0000-00-00 00:00:00', '0000-00-00 00:00:00'),
(105, 145, '2021-01-08', 0, '0000-00-00 00:00:00', '0000-00-00 00:00:00'),
(106, 146, '2021-01-08', 0, '0000-00-00 00:00:00', '0000-00-00 00:00:00'),
(107, 147, '2021-01-08', 0, '0000-00-00 00:00:00', '0000-00-00 00:00:00'),
(108, 148, '2021-01-08', 0, '0000-00-00 00:00:00', '0000-00-00 00:00:00'),
(109, 149, '2021-01-08', 0, '0000-00-00 00:00:00', '0000-00-00 00:00:00'),
(110, 150, '2021-01-08', 0, '0000-00-00 00:00:00', '0000-00-00 00:00:00'),
(111, 151, '2021-01-08', 0, '0000-00-00 00:00:00', '0000-00-00 00:00:00'),
(112, 152, '2021-01-08', 0, '0000-00-00 00:00:00', '0000-00-00 00:00:00'),
(113, 153, '2021-01-08', 0, '0000-00-00 00:00:00', '0000-00-00 00:00:00'),
(114, 154, '2021-01-08', 0, '0000-00-00 00:00:00', '0000-00-00 00:00:00'),
(115, 155, '2021-01-08', 0, '0000-00-00 00:00:00', '0000-00-00 00:00:00'),
(116, 156, '2021-01-08', 0, '0000-00-00 00:00:00', '0000-00-00 00:00:00'),
(117, 157, '2021-01-08', 0, '0000-00-00 00:00:00', '0000-00-00 00:00:00'),
(118, 158, '2021-01-08', 0, '0000-00-00 00:00:00', '0000-00-00 00:00:00'),
(119, 159, '2021-01-08', 0, '0000-00-00 00:00:00', '0000-00-00 00:00:00'),
(120, 160, '2021-01-08', 0, '0000-00-00 00:00:00', '0000-00-00 00:00:00'),
(121, 161, '2021-01-08', 0, '0000-00-00 00:00:00', '0000-00-00 00:00:00'),
(122, 162, '2021-01-08', 0, '0000-00-00 00:00:00', '0000-00-00 00:00:00'),
(123, 163, '2021-01-08', 0, '0000-00-00 00:00:00', '0000-00-00 00:00:00'),
(124, 164, '2021-01-08', 0, '0000-00-00 00:00:00', '0000-00-00 00:00:00'),
(125, 165, '2021-01-08', 0, '0000-00-00 00:00:00', '0000-00-00 00:00:00'),
(126, 166, '2021-01-08', 0, '0000-00-00 00:00:00', '0000-00-00 00:00:00'),
(127, 167, '2021-01-08', 0, '0000-00-00 00:00:00', '0000-00-00 00:00:00'),
(128, 168, '2021-01-08', 0, '0000-00-00 00:00:00', '0000-00-00 00:00:00'),
(129, 169, '2021-01-08', 0, '0000-00-00 00:00:00', '0000-00-00 00:00:00'),
(130, 170, '2021-01-08', 0, '0000-00-00 00:00:00', '0000-00-00 00:00:00'),
(131, 703, '2021-01-08', 0, '0000-00-00 00:00:00', '0000-00-00 00:00:00'),
(132, 704, '2021-01-08', 0, '0000-00-00 00:00:00', '0000-00-00 00:00:00'),
(133, 705, '2021-01-08', 0, '0000-00-00 00:00:00', '0000-00-00 00:00:00'),
(134, 706, '2021-01-08', 0, '0000-00-00 00:00:00', '0000-00-00 00:00:00'),
(135, 707, '2021-01-08', 0, '0000-00-00 00:00:00', '0000-00-00 00:00:00'),
(136, 708, '2021-01-08', 0, '0000-00-00 00:00:00', '0000-00-00 00:00:00'),
(137, 709, '2021-01-08', 0, '0000-00-00 00:00:00', '0000-00-00 00:00:00'),
(138, 710, '2021-01-08', 0, '0000-00-00 00:00:00', '0000-00-00 00:00:00'),
(139, 711, '2021-01-08', 0, '0000-00-00 00:00:00', '0000-00-00 00:00:00'),
(140, 712, '2021-01-08', 0, '0000-00-00 00:00:00', '0000-00-00 00:00:00'),
(141, 713, '2021-01-08', 0, '0000-00-00 00:00:00', '0000-00-00 00:00:00'),
(142, 714, '2021-01-08', 0, '0000-00-00 00:00:00', '0000-00-00 00:00:00'),
(143, 715, '2021-01-08', 0, '0000-00-00 00:00:00', '0000-00-00 00:00:00'),
(144, 716, '2021-01-08', 0, '0000-00-00 00:00:00', '0000-00-00 00:00:00'),
(145, 717, '2021-01-08', 0, '0000-00-00 00:00:00', '0000-00-00 00:00:00'),
(146, 718, '2021-01-08', 0, '0000-00-00 00:00:00', '0000-00-00 00:00:00'),
(147, 719, '2021-01-08', 0, '0000-00-00 00:00:00', '0000-00-00 00:00:00'),
(148, 720, '2021-01-08', 0, '0000-00-00 00:00:00', '0000-00-00 00:00:00'),
(149, 721, '2021-01-08', 0, '0000-00-00 00:00:00', '0000-00-00 00:00:00'),
(150, 722, '2021-01-08', 0, '0000-00-00 00:00:00', '0000-00-00 00:00:00'),
(151, 723, '2021-01-08', 0, '0000-00-00 00:00:00', '0000-00-00 00:00:00'),
(152, 724, '2021-01-08', 0, '0000-00-00 00:00:00', '0000-00-00 00:00:00'),
(153, 725, '2021-01-08', 0, '0000-00-00 00:00:00', '0000-00-00 00:00:00'),
(154, 726, '2021-01-08', 0, '0000-00-00 00:00:00', '0000-00-00 00:00:00'),
(155, 727, '2021-01-08', 0, '0000-00-00 00:00:00', '0000-00-00 00:00:00'),
(156, 728, '2021-01-08', 0, '0000-00-00 00:00:00', '0000-00-00 00:00:00'),
(157, 729, '2021-01-08', 0, '0000-00-00 00:00:00', '0000-00-00 00:00:00'),
(158, 730, '2021-01-08', 0, '0000-00-00 00:00:00', '0000-00-00 00:00:00'),
(159, 731, '2021-01-08', 0, '0000-00-00 00:00:00', '0000-00-00 00:00:00'),
(160, 732, '2021-01-08', 0, '0000-00-00 00:00:00', '0000-00-00 00:00:00'),
(161, 733, '2021-01-08', 0, '0000-00-00 00:00:00', '0000-00-00 00:00:00'),
(162, 734, '2021-01-08', 0, '0000-00-00 00:00:00', '0000-00-00 00:00:00'),
(163, 735, '2021-01-08', 0, '0000-00-00 00:00:00', '0000-00-00 00:00:00'),
(164, 736, '2021-01-08', 0, '0000-00-00 00:00:00', '0000-00-00 00:00:00'),
(165, 737, '2021-01-08', 0, '0000-00-00 00:00:00', '0000-00-00 00:00:00'),
(166, 738, '2021-01-08', 0, '0000-00-00 00:00:00', '0000-00-00 00:00:00'),
(167, 739, '2021-01-08', 0, '0000-00-00 00:00:00', '0000-00-00 00:00:00'),
(168, 740, '2021-01-08', 0, '0000-00-00 00:00:00', '0000-00-00 00:00:00'),
(169, 741, '2021-01-08', 0, '0000-00-00 00:00:00', '0000-00-00 00:00:00'),
(170, 742, '2021-01-08', 0, '0000-00-00 00:00:00', '0000-00-00 00:00:00'),
(171, 743, '2021-01-08', 0, '0000-00-00 00:00:00', '0000-00-00 00:00:00'),
(172, 744, '2021-01-08', 0, '0000-00-00 00:00:00', '0000-00-00 00:00:00'),
(173, 745, '2021-01-08', 0, '0000-00-00 00:00:00', '0000-00-00 00:00:00'),
(174, 746, '2021-01-08', 0, '0000-00-00 00:00:00', '0000-00-00 00:00:00'),
(175, 747, '2021-01-08', 0, '0000-00-00 00:00:00', '0000-00-00 00:00:00'),
(176, 748, '2021-01-08', 0, '0000-00-00 00:00:00', '0000-00-00 00:00:00'),
(177, 749, '2021-01-08', 0, '0000-00-00 00:00:00', '0000-00-00 00:00:00'),
(178, 750, '2021-01-08', 0, '0000-00-00 00:00:00', '0000-00-00 00:00:00'),
(179, 751, '2021-01-08', 0, '0000-00-00 00:00:00', '0000-00-00 00:00:00'),
(180, 752, '2021-01-08', 0, '0000-00-00 00:00:00', '0000-00-00 00:00:00'),
(181, 753, '2021-01-08', 0, '0000-00-00 00:00:00', '0000-00-00 00:00:00'),
(182, 754, '2021-01-08', 0, '0000-00-00 00:00:00', '0000-00-00 00:00:00'),
(183, 755, '2021-01-08', 0, '0000-00-00 00:00:00', '0000-00-00 00:00:00'),
(184, 756, '2021-01-08', 0, '0000-00-00 00:00:00', '0000-00-00 00:00:00'),
(185, 757, '2021-01-08', 0, '0000-00-00 00:00:00', '0000-00-00 00:00:00'),
(186, 758, '2021-01-08', 0, '0000-00-00 00:00:00', '0000-00-00 00:00:00'),
(187, 759, '2021-01-08', 0, '0000-00-00 00:00:00', '0000-00-00 00:00:00'),
(188, 760, '2021-01-08', 0, '0000-00-00 00:00:00', '0000-00-00 00:00:00'),
(189, 761, '2021-01-08', 0, '0000-00-00 00:00:00', '0000-00-00 00:00:00'),
(190, 762, '2021-01-08', 0, '0000-00-00 00:00:00', '0000-00-00 00:00:00'),
(191, 763, '2021-01-08', 0, '0000-00-00 00:00:00', '0000-00-00 00:00:00'),
(192, 764, '2021-01-08', 0, '0000-00-00 00:00:00', '0000-00-00 00:00:00'),
(193, 765, '2021-01-08', 0, '0000-00-00 00:00:00', '0000-00-00 00:00:00'),
(194, 766, '2021-01-08', 0, '0000-00-00 00:00:00', '0000-00-00 00:00:00'),
(195, 767, '2021-01-08', 0, '0000-00-00 00:00:00', '0000-00-00 00:00:00'),
(196, 768, '2021-01-08', 0, '0000-00-00 00:00:00', '0000-00-00 00:00:00'),
(197, 769, '2021-01-08', 0, '0000-00-00 00:00:00', '0000-00-00 00:00:00'),
(198, 770, '2021-01-08', 0, '0000-00-00 00:00:00', '0000-00-00 00:00:00'),
(199, 771, '2021-01-08', 0, '0000-00-00 00:00:00', '0000-00-00 00:00:00'),
(200, 772, '2021-01-08', 0, '0000-00-00 00:00:00', '0000-00-00 00:00:00'),
(201, 773, '2021-01-08', 0, '0000-00-00 00:00:00', '0000-00-00 00:00:00'),
(202, 774, '2021-01-08', 0, '0000-00-00 00:00:00', '0000-00-00 00:00:00'),
(203, 775, '2021-01-08', 0, '0000-00-00 00:00:00', '0000-00-00 00:00:00'),
(204, 776, '2021-01-08', 0, '0000-00-00 00:00:00', '0000-00-00 00:00:00'),
(205, 777, '2021-01-08', 0, '0000-00-00 00:00:00', '0000-00-00 00:00:00'),
(206, 778, '2021-01-08', 0, '0000-00-00 00:00:00', '0000-00-00 00:00:00'),
(207, 779, '2021-01-08', 0, '0000-00-00 00:00:00', '0000-00-00 00:00:00'),
(208, 780, '2021-01-08', 0, '0000-00-00 00:00:00', '0000-00-00 00:00:00'),
(209, 781, '2021-01-08', 0, '0000-00-00 00:00:00', '0000-00-00 00:00:00'),
(210, 782, '2021-01-08', 0, '0000-00-00 00:00:00', '0000-00-00 00:00:00'),
(211, 783, '2021-01-08', 0, '0000-00-00 00:00:00', '0000-00-00 00:00:00'),
(212, 784, '2021-01-08', 0, '0000-00-00 00:00:00', '0000-00-00 00:00:00'),
(213, 785, '2021-01-08', 0, '0000-00-00 00:00:00', '0000-00-00 00:00:00'),
(214, 786, '2021-01-08', 0, '0000-00-00 00:00:00', '0000-00-00 00:00:00'),
(215, 787, '2021-01-08', 0, '0000-00-00 00:00:00', '0000-00-00 00:00:00'),
(216, 788, '2021-01-08', 0, '0000-00-00 00:00:00', '0000-00-00 00:00:00'),
(217, 789, '2021-01-08', 0, '0000-00-00 00:00:00', '0000-00-00 00:00:00'),
(218, 790, '2021-01-08', 0, '0000-00-00 00:00:00', '0000-00-00 00:00:00'),
(219, 791, '2021-01-08', 0, '0000-00-00 00:00:00', '0000-00-00 00:00:00'),
(220, 792, '2021-01-08', 0, '0000-00-00 00:00:00', '0000-00-00 00:00:00'),
(221, 793, '2021-01-08', 0, '0000-00-00 00:00:00', '0000-00-00 00:00:00'),
(222, 794, '2021-01-08', 0, '0000-00-00 00:00:00', '0000-00-00 00:00:00'),
(223, 795, '2021-01-08', 0, '0000-00-00 00:00:00', '0000-00-00 00:00:00'),
(224, 796, '2021-01-08', 0, '0000-00-00 00:00:00', '0000-00-00 00:00:00'),
(225, 797, '2021-01-08', 0, '0000-00-00 00:00:00', '0000-00-00 00:00:00'),
(226, 798, '2021-01-08', 0, '0000-00-00 00:00:00', '0000-00-00 00:00:00'),
(227, 799, '2021-01-08', 0, '0000-00-00 00:00:00', '0000-00-00 00:00:00'),
(228, 801, '2021-01-08', 0, '0000-00-00 00:00:00', '0000-00-00 00:00:00'),
(229, 802, '2021-01-08', 0, '0000-00-00 00:00:00', '0000-00-00 00:00:00'),
(230, 803, '2021-01-08', 0, '0000-00-00 00:00:00', '0000-00-00 00:00:00'),
(231, 804, '2021-01-08', 0, '0000-00-00 00:00:00', '0000-00-00 00:00:00'),
(232, 805, '2021-01-08', 0, '0000-00-00 00:00:00', '0000-00-00 00:00:00'),
(233, 806, '2021-01-08', 0, '0000-00-00 00:00:00', '0000-00-00 00:00:00'),
(234, 807, '2021-01-08', 0, '0000-00-00 00:00:00', '0000-00-00 00:00:00'),
(235, 808, '2021-01-08', 0, '0000-00-00 00:00:00', '0000-00-00 00:00:00'),
(236, 451, '2021-01-08', 0, '0000-00-00 00:00:00', '0000-00-00 00:00:00'),
(237, 452, '2021-01-08', 0, '0000-00-00 00:00:00', '0000-00-00 00:00:00'),
(238, 453, '2021-01-08', 0, '0000-00-00 00:00:00', '0000-00-00 00:00:00'),
(239, 454, '2021-01-08', 0, '0000-00-00 00:00:00', '0000-00-00 00:00:00'),
(240, 455, '2021-01-08', 0, '0000-00-00 00:00:00', '0000-00-00 00:00:00'),
(241, 456, '2021-01-08', 0, '0000-00-00 00:00:00', '0000-00-00 00:00:00'),
(242, 457, '2021-01-08', 0, '0000-00-00 00:00:00', '0000-00-00 00:00:00'),
(243, 458, '2021-01-08', 0, '0000-00-00 00:00:00', '0000-00-00 00:00:00'),
(244, 459, '2021-01-08', 0, '0000-00-00 00:00:00', '0000-00-00 00:00:00'),
(245, 460, '2021-01-08', 0, '0000-00-00 00:00:00', '0000-00-00 00:00:00'),
(246, 461, '2021-01-08', 0, '0000-00-00 00:00:00', '0000-00-00 00:00:00'),
(247, 462, '2021-01-08', 0, '0000-00-00 00:00:00', '0000-00-00 00:00:00'),
(248, 463, '2021-01-08', 0, '0000-00-00 00:00:00', '0000-00-00 00:00:00'),
(249, 464, '2021-01-08', 0, '0000-00-00 00:00:00', '0000-00-00 00:00:00'),
(250, 465, '2021-01-08', 0, '0000-00-00 00:00:00', '0000-00-00 00:00:00'),
(251, 466, '2021-01-08', 0, '0000-00-00 00:00:00', '0000-00-00 00:00:00'),
(252, 467, '2021-01-08', 0, '0000-00-00 00:00:00', '0000-00-00 00:00:00'),
(253, 468, '2021-01-08', 0, '0000-00-00 00:00:00', '0000-00-00 00:00:00'),
(254, 469, '2021-01-08', 0, '0000-00-00 00:00:00', '0000-00-00 00:00:00'),
(255, 470, '2021-01-08', 0, '0000-00-00 00:00:00', '0000-00-00 00:00:00'),
(256, 471, '2021-01-08', 0, '0000-00-00 00:00:00', '0000-00-00 00:00:00'),
(257, 472, '2021-01-08', 0, '0000-00-00 00:00:00', '0000-00-00 00:00:00'),
(258, 473, '2021-01-08', 0, '0000-00-00 00:00:00', '0000-00-00 00:00:00'),
(259, 474, '2021-01-08', 0, '0000-00-00 00:00:00', '0000-00-00 00:00:00'),
(260, 475, '2021-01-08', 0, '0000-00-00 00:00:00', '0000-00-00 00:00:00'),
(261, 476, '2021-01-08', 0, '0000-00-00 00:00:00', '0000-00-00 00:00:00'),
(262, 477, '2021-01-08', 0, '0000-00-00 00:00:00', '0000-00-00 00:00:00'),
(263, 478, '2021-01-08', 0, '0000-00-00 00:00:00', '0000-00-00 00:00:00'),
(264, 199, '2021-01-08', 0, '0000-00-00 00:00:00', '0000-00-00 00:00:00'),
(265, 200, '2021-01-08', 0, '0000-00-00 00:00:00', '0000-00-00 00:00:00'),
(266, 201, '2021-01-08', 0, '0000-00-00 00:00:00', '0000-00-00 00:00:00'),
(267, 202, '2021-01-08', 0, '0000-00-00 00:00:00', '0000-00-00 00:00:00'),
(268, 203, '2021-01-08', 0, '0000-00-00 00:00:00', '0000-00-00 00:00:00'),
(269, 204, '2021-01-08', 0, '0000-00-00 00:00:00', '0000-00-00 00:00:00'),
(270, 205, '2021-01-08', 0, '0000-00-00 00:00:00', '0000-00-00 00:00:00'),
(271, 206, '2021-01-08', 0, '0000-00-00 00:00:00', '0000-00-00 00:00:00'),
(272, 207, '2021-01-08', 0, '0000-00-00 00:00:00', '0000-00-00 00:00:00'),
(273, 208, '2021-01-08', 0, '0000-00-00 00:00:00', '0000-00-00 00:00:00'),
(274, 209, '2021-01-08', 0, '0000-00-00 00:00:00', '0000-00-00 00:00:00'),
(275, 210, '2021-01-08', 0, '0000-00-00 00:00:00', '0000-00-00 00:00:00'),
(276, 211, '2021-01-08', 0, '0000-00-00 00:00:00', '0000-00-00 00:00:00'),
(277, 212, '2021-01-08', 0, '0000-00-00 00:00:00', '0000-00-00 00:00:00'),
(278, 213, '2021-01-08', 0, '0000-00-00 00:00:00', '0000-00-00 00:00:00'),
(279, 214, '2021-01-08', 0, '0000-00-00 00:00:00', '0000-00-00 00:00:00'),
(280, 215, '2021-01-08', 0, '0000-00-00 00:00:00', '0000-00-00 00:00:00'),
(281, 216, '2021-01-08', 0, '0000-00-00 00:00:00', '0000-00-00 00:00:00'),
(282, 217, '2021-01-08', 0, '0000-00-00 00:00:00', '0000-00-00 00:00:00'),
(283, 218, '2021-01-08', 0, '0000-00-00 00:00:00', '0000-00-00 00:00:00'),
(284, 219, '2021-01-08', 0, '0000-00-00 00:00:00', '0000-00-00 00:00:00'),
(285, 220, '2021-01-08', 0, '0000-00-00 00:00:00', '0000-00-00 00:00:00'),
(286, 221, '2021-01-08', 0, '0000-00-00 00:00:00', '0000-00-00 00:00:00'),
(287, 222, '2021-01-08', 0, '0000-00-00 00:00:00', '0000-00-00 00:00:00'),
(288, 223, '2021-01-08', 0, '0000-00-00 00:00:00', '0000-00-00 00:00:00'),
(289, 224, '2021-01-08', 0, '0000-00-00 00:00:00', '0000-00-00 00:00:00'),
(290, 225, '2021-01-08', 0, '0000-00-00 00:00:00', '0000-00-00 00:00:00'),
(291, 226, '2021-01-08', 0, '0000-00-00 00:00:00', '0000-00-00 00:00:00'),
(292, 915, '2021-01-08', 0, '0000-00-00 00:00:00', '0000-00-00 00:00:00'),
(293, 916, '2021-01-08', 0, '0000-00-00 00:00:00', '0000-00-00 00:00:00'),
(294, 917, '2021-01-08', 0, '0000-00-00 00:00:00', '0000-00-00 00:00:00'),
(295, 918, '2021-01-08', 0, '0000-00-00 00:00:00', '0000-00-00 00:00:00'),
(296, 919, '2021-01-08', 0, '0000-00-00 00:00:00', '0000-00-00 00:00:00'),
(297, 920, '2021-01-08', 0, '0000-00-00 00:00:00', '0000-00-00 00:00:00'),
(298, 921, '2021-01-08', 0, '0000-00-00 00:00:00', '0000-00-00 00:00:00'),
(299, 922, '2021-01-08', 0, '0000-00-00 00:00:00', '0000-00-00 00:00:00'),
(300, 923, '2021-01-08', 0, '0000-00-00 00:00:00', '0000-00-00 00:00:00'),
(301, 924, '2021-01-08', 0, '0000-00-00 00:00:00', '0000-00-00 00:00:00'),
(302, 925, '2021-01-08', 0, '0000-00-00 00:00:00', '0000-00-00 00:00:00'),
(303, 926, '2021-01-08', 0, '0000-00-00 00:00:00', '0000-00-00 00:00:00'),
(304, 927, '2021-01-08', 0, '0000-00-00 00:00:00', '0000-00-00 00:00:00'),
(305, 928, '2021-01-08', 0, '0000-00-00 00:00:00', '0000-00-00 00:00:00'),
(306, 929, '2021-01-08', 0, '0000-00-00 00:00:00', '0000-00-00 00:00:00'),
(307, 930, '2021-01-08', 0, '0000-00-00 00:00:00', '0000-00-00 00:00:00'),
(308, 931, '2021-01-08', 0, '0000-00-00 00:00:00', '0000-00-00 00:00:00'),
(309, 932, '2021-01-08', 0, '0000-00-00 00:00:00', '0000-00-00 00:00:00'),
(310, 933, '2021-01-08', 0, '0000-00-00 00:00:00', '0000-00-00 00:00:00'),
(311, 934, '2021-01-08', 0, '0000-00-00 00:00:00', '0000-00-00 00:00:00'),
(312, 935, '2021-01-08', 0, '0000-00-00 00:00:00', '0000-00-00 00:00:00'),
(313, 936, '2021-01-08', 0, '0000-00-00 00:00:00', '0000-00-00 00:00:00'),
(314, 937, '2021-01-08', 0, '0000-00-00 00:00:00', '0000-00-00 00:00:00'),
(315, 938, '2021-01-08', 0, '0000-00-00 00:00:00', '0000-00-00 00:00:00'),
(316, 939, '2021-01-08', 0, '0000-00-00 00:00:00', '0000-00-00 00:00:00'),
(317, 940, '2021-01-08', 0, '0000-00-00 00:00:00', '0000-00-00 00:00:00'),
(318, 941, '2021-01-08', 0, '0000-00-00 00:00:00', '0000-00-00 00:00:00'),
(319, 942, '2021-01-08', 0, '0000-00-00 00:00:00', '0000-00-00 00:00:00'),
(320, 943, '2021-01-08', 0, '0000-00-00 00:00:00', '0000-00-00 00:00:00'),
(321, 944, '2021-01-08', 0, '0000-00-00 00:00:00', '0000-00-00 00:00:00'),
(322, 945, '2021-01-08', 0, '0000-00-00 00:00:00', '0000-00-00 00:00:00'),
(323, 946, '2021-01-08', 0, '0000-00-00 00:00:00', '0000-00-00 00:00:00'),
(324, 947, '2021-01-08', 0, '0000-00-00 00:00:00', '0000-00-00 00:00:00'),
(325, 948, '2021-01-08', 0, '0000-00-00 00:00:00', '0000-00-00 00:00:00'),
(326, 949, '2021-01-08', 0, '0000-00-00 00:00:00', '0000-00-00 00:00:00'),
(327, 950, '2021-01-08', 0, '0000-00-00 00:00:00', '0000-00-00 00:00:00'),
(328, 951, '2021-01-08', 0, '0000-00-00 00:00:00', '0000-00-00 00:00:00'),
(329, 952, '2021-01-08', 0, '0000-00-00 00:00:00', '0000-00-00 00:00:00'),
(330, 953, '2021-01-08', 0, '0000-00-00 00:00:00', '0000-00-00 00:00:00'),
(331, 954, '2021-01-08', 0, '0000-00-00 00:00:00', '0000-00-00 00:00:00'),
(332, 955, '2021-01-08', 0, '0000-00-00 00:00:00', '0000-00-00 00:00:00'),
(333, 956, '2021-01-08', 0, '0000-00-00 00:00:00', '0000-00-00 00:00:00'),
(334, 957, '2021-01-08', 0, '0000-00-00 00:00:00', '0000-00-00 00:00:00'),
(335, 958, '2021-01-08', 0, '0000-00-00 00:00:00', '0000-00-00 00:00:00'),
(336, 959, '2021-01-08', 0, '0000-00-00 00:00:00', '0000-00-00 00:00:00'),
(337, 960, '2021-01-08', 0, '0000-00-00 00:00:00', '0000-00-00 00:00:00'),
(338, 961, '2021-01-08', 0, '0000-00-00 00:00:00', '0000-00-00 00:00:00'),
(339, 962, '2021-01-08', 0, '0000-00-00 00:00:00', '0000-00-00 00:00:00'),
(340, 963, '2021-01-08', 0, '0000-00-00 00:00:00', '0000-00-00 00:00:00'),
(341, 964, '2021-01-08', 0, '0000-00-00 00:00:00', '0000-00-00 00:00:00'),
(342, 965, '2021-01-08', 0, '0000-00-00 00:00:00', '0000-00-00 00:00:00'),
(343, 966, '2021-01-08', 0, '0000-00-00 00:00:00', '0000-00-00 00:00:00'),
(344, 967, '2021-01-08', 0, '0000-00-00 00:00:00', '0000-00-00 00:00:00'),
(345, 968, '2021-01-08', 0, '0000-00-00 00:00:00', '0000-00-00 00:00:00'),
(346, 969, '2021-01-08', 0, '0000-00-00 00:00:00', '0000-00-00 00:00:00'),
(347, 970, '2021-01-08', 0, '0000-00-00 00:00:00', '0000-00-00 00:00:00'),
(348, 971, '2021-01-08', 0, '0000-00-00 00:00:00', '0000-00-00 00:00:00'),
(349, 972, '2021-01-08', 0, '0000-00-00 00:00:00', '0000-00-00 00:00:00'),
(350, 973, '2021-01-08', 0, '0000-00-00 00:00:00', '0000-00-00 00:00:00'),
(351, 974, '2021-01-08', 0, '0000-00-00 00:00:00', '0000-00-00 00:00:00'),
(352, 975, '2021-01-08', 0, '0000-00-00 00:00:00', '0000-00-00 00:00:00'),
(353, 976, '2021-01-08', 0, '0000-00-00 00:00:00', '0000-00-00 00:00:00'),
(354, 977, '2021-01-08', 0, '0000-00-00 00:00:00', '0000-00-00 00:00:00'),
(355, 978, '2021-01-08', 0, '0000-00-00 00:00:00', '0000-00-00 00:00:00'),
(356, 979, '2021-01-08', 0, '0000-00-00 00:00:00', '0000-00-00 00:00:00'),
(357, 980, '2021-01-08', 0, '0000-00-00 00:00:00', '0000-00-00 00:00:00'),
(358, 981, '2021-01-08', 0, '0000-00-00 00:00:00', '0000-00-00 00:00:00'),
(359, 982, '2021-01-08', 0, '0000-00-00 00:00:00', '0000-00-00 00:00:00'),
(360, 983, '2021-01-08', 0, '0000-00-00 00:00:00', '0000-00-00 00:00:00'),
(361, 984, '2021-01-08', 0, '0000-00-00 00:00:00', '0000-00-00 00:00:00'),
(362, 985, '2021-01-08', 0, '0000-00-00 00:00:00', '0000-00-00 00:00:00'),
(363, 986, '2021-01-08', 0, '0000-00-00 00:00:00', '0000-00-00 00:00:00'),
(364, 987, '2021-01-08', 0, '0000-00-00 00:00:00', '0000-00-00 00:00:00'),
(365, 988, '2021-01-08', 0, '0000-00-00 00:00:00', '0000-00-00 00:00:00'),
(366, 989, '2021-01-08', 0, '0000-00-00 00:00:00', '0000-00-00 00:00:00'),
(367, 990, '2021-01-08', 0, '0000-00-00 00:00:00', '0000-00-00 00:00:00'),
(368, 991, '2021-01-08', 0, '0000-00-00 00:00:00', '0000-00-00 00:00:00'),
(369, 992, '2021-01-08', 0, '0000-00-00 00:00:00', '0000-00-00 00:00:00'),
(370, 993, '2021-01-08', 0, '0000-00-00 00:00:00', '0000-00-00 00:00:00'),
(371, 994, '2021-01-08', 0, '0000-00-00 00:00:00', '0000-00-00 00:00:00'),
(372, 995, '2021-01-08', 0, '0000-00-00 00:00:00', '0000-00-00 00:00:00'),
(373, 996, '2021-01-08', 0, '0000-00-00 00:00:00', '0000-00-00 00:00:00'),
(374, 997, '2021-01-08', 0, '0000-00-00 00:00:00', '0000-00-00 00:00:00'),
(375, 998, '2021-01-08', 0, '0000-00-00 00:00:00', '0000-00-00 00:00:00'),
(376, 999, '2021-01-08', 0, '0000-00-00 00:00:00', '0000-00-00 00:00:00'),
(377, 1000, '2021-01-08', 0, '0000-00-00 00:00:00', '0000-00-00 00:00:00'),
(378, 1001, '2021-01-08', 0, '0000-00-00 00:00:00', '0000-00-00 00:00:00'),
(379, 1002, '2021-01-08', 0, '0000-00-00 00:00:00', '0000-00-00 00:00:00'),
(380, 1003, '2021-01-08', 0, '0000-00-00 00:00:00', '0000-00-00 00:00:00'),
(381, 1004, '2021-01-08', 0, '0000-00-00 00:00:00', '0000-00-00 00:00:00'),
(382, 1005, '2021-01-08', 0, '0000-00-00 00:00:00', '0000-00-00 00:00:00'),
(383, 1006, '2021-01-08', 0, '0000-00-00 00:00:00', '0000-00-00 00:00:00'),
(384, 1007, '2021-01-08', 0, '0000-00-00 00:00:00', '0000-00-00 00:00:00'),
(385, 1008, '2021-01-08', 0, '0000-00-00 00:00:00', '0000-00-00 00:00:00'),
(386, 1009, '2021-01-08', 0, '0000-00-00 00:00:00', '0000-00-00 00:00:00'),
(387, 1010, '2021-01-08', 0, '0000-00-00 00:00:00', '0000-00-00 00:00:00'),
(388, 1011, '2021-01-08', 0, '0000-00-00 00:00:00', '0000-00-00 00:00:00'),
(389, 1012, '2021-01-08', 0, '0000-00-00 00:00:00', '0000-00-00 00:00:00'),
(390, 1013, '2021-01-08', 0, '0000-00-00 00:00:00', '0000-00-00 00:00:00'),
(391, 1014, '2021-01-08', 0, '0000-00-00 00:00:00', '0000-00-00 00:00:00'),
(392, 1015, '2021-01-08', 0, '0000-00-00 00:00:00', '0000-00-00 00:00:00'),
(393, 1016, '2021-01-08', 0, '0000-00-00 00:00:00', '0000-00-00 00:00:00'),
(394, 1017, '2021-01-08', 0, '0000-00-00 00:00:00', '0000-00-00 00:00:00'),
(395, 1018, '2021-01-08', 0, '0000-00-00 00:00:00', '0000-00-00 00:00:00'),
(396, 1019, '2021-01-08', 0, '0000-00-00 00:00:00', '0000-00-00 00:00:00'),
(397, 1020, '2021-01-08', 0, '0000-00-00 00:00:00', '0000-00-00 00:00:00'),
(398, 1021, '2021-01-08', 0, '0000-00-00 00:00:00', '0000-00-00 00:00:00'),
(399, 1022, '2021-01-08', 0, '0000-00-00 00:00:00', '0000-00-00 00:00:00'),
(400, 1023, '2021-01-08', 0, '0000-00-00 00:00:00', '0000-00-00 00:00:00'),
(401, 1024, '2021-01-08', 0, '0000-00-00 00:00:00', '0000-00-00 00:00:00'),
(402, 1025, '2021-01-08', 0, '0000-00-00 00:00:00', '0000-00-00 00:00:00'),
(403, 1026, '2021-01-08', 0, '0000-00-00 00:00:00', '0000-00-00 00:00:00'),
(404, 1027, '2021-01-08', 0, '0000-00-00 00:00:00', '0000-00-00 00:00:00'),
(405, 1028, '2021-01-08', 0, '0000-00-00 00:00:00', '0000-00-00 00:00:00'),
(406, 1029, '2021-01-08', 0, '0000-00-00 00:00:00', '0000-00-00 00:00:00'),
(407, 1030, '2021-01-08', 0, '0000-00-00 00:00:00', '0000-00-00 00:00:00'),
(408, 1031, '2021-01-08', 0, '0000-00-00 00:00:00', '0000-00-00 00:00:00'),
(409, 1032, '2021-01-08', 0, '0000-00-00 00:00:00', '0000-00-00 00:00:00'),
(410, 1033, '2021-01-08', 0, '0000-00-00 00:00:00', '0000-00-00 00:00:00'),
(411, 1034, '2021-01-08', 0, '0000-00-00 00:00:00', '0000-00-00 00:00:00'),
(412, 1035, '2021-01-08', 0, '0000-00-00 00:00:00', '0000-00-00 00:00:00'),
(413, 1036, '2021-01-08', 0, '0000-00-00 00:00:00', '0000-00-00 00:00:00'),
(414, 1037, '2021-01-08', 0, '0000-00-00 00:00:00', '0000-00-00 00:00:00'),
(415, 1038, '2021-01-08', 0, '0000-00-00 00:00:00', '0000-00-00 00:00:00'),
(416, 1039, '2021-01-08', 0, '0000-00-00 00:00:00', '0000-00-00 00:00:00'),
(417, 1040, '2021-01-08', 0, '0000-00-00 00:00:00', '0000-00-00 00:00:00'),
(418, 1041, '2021-01-08', 0, '0000-00-00 00:00:00', '0000-00-00 00:00:00'),
(419, 1042, '2021-01-08', 0, '0000-00-00 00:00:00', '0000-00-00 00:00:00'),
(420, 1043, '2021-01-08', 0, '0000-00-00 00:00:00', '0000-00-00 00:00:00'),
(421, 1044, '2021-01-08', 0, '0000-00-00 00:00:00', '0000-00-00 00:00:00'),
(422, 1045, '2021-01-08', 0, '0000-00-00 00:00:00', '0000-00-00 00:00:00'),
(423, 1046, '2021-01-08', 0, '0000-00-00 00:00:00', '0000-00-00 00:00:00'),
(424, 1047, '2021-01-08', 0, '0000-00-00 00:00:00', '0000-00-00 00:00:00'),
(425, 1048, '2021-01-08', 0, '0000-00-00 00:00:00', '0000-00-00 00:00:00'),
(426, 1049, '2021-01-08', 0, '0000-00-00 00:00:00', '0000-00-00 00:00:00'),
(427, 1050, '2021-01-08', 0, '0000-00-00 00:00:00', '0000-00-00 00:00:00'),
(428, 1051, '2021-01-08', 0, '0000-00-00 00:00:00', '0000-00-00 00:00:00'),
(429, 1052, '2021-01-08', 0, '0000-00-00 00:00:00', '0000-00-00 00:00:00'),
(430, 1053, '2021-01-08', 0, '0000-00-00 00:00:00', '0000-00-00 00:00:00'),
(431, 1054, '2021-01-08', 0, '0000-00-00 00:00:00', '0000-00-00 00:00:00'),
(432, 1055, '2021-01-08', 0, '0000-00-00 00:00:00', '0000-00-00 00:00:00'),
(433, 1056, '2021-01-08', 0, '0000-00-00 00:00:00', '0000-00-00 00:00:00'),
(434, 1057, '2021-01-08', 0, '0000-00-00 00:00:00', '0000-00-00 00:00:00'),
(435, 1058, '2021-01-08', 0, '0000-00-00 00:00:00', '0000-00-00 00:00:00'),
(436, 1059, '2021-01-08', 0, '0000-00-00 00:00:00', '0000-00-00 00:00:00'),
(437, 1060, '2021-01-08', 0, '0000-00-00 00:00:00', '0000-00-00 00:00:00'),
(438, 1061, '2021-01-08', 0, '0000-00-00 00:00:00', '0000-00-00 00:00:00'),
(439, 1062, '2021-01-08', 0, '0000-00-00 00:00:00', '0000-00-00 00:00:00'),
(440, 1063, '2021-01-08', 0, '0000-00-00 00:00:00', '0000-00-00 00:00:00'),
(441, 1064, '2021-01-08', 0, '0000-00-00 00:00:00', '0000-00-00 00:00:00'),
(442, 1065, '2021-01-08', 0, '0000-00-00 00:00:00', '0000-00-00 00:00:00'),
(443, 1066, '2021-01-08', 0, '0000-00-00 00:00:00', '0000-00-00 00:00:00'),
(444, 1067, '2021-01-08', 0, '0000-00-00 00:00:00', '0000-00-00 00:00:00'),
(445, 1068, '2021-01-08', 0, '0000-00-00 00:00:00', '0000-00-00 00:00:00'),
(446, 1070, '2021-01-08', 0, '0000-00-00 00:00:00', '0000-00-00 00:00:00'),
(447, 1071, '2021-01-08', 0, '0000-00-00 00:00:00', '0000-00-00 00:00:00'),
(448, 1072, '2021-01-08', 0, '0000-00-00 00:00:00', '0000-00-00 00:00:00'),
(449, 1073, '2021-01-08', 0, '0000-00-00 00:00:00', '0000-00-00 00:00:00'),
(450, 1074, '2021-01-08', 0, '0000-00-00 00:00:00', '0000-00-00 00:00:00'),
(451, 1075, '2021-01-08', 0, '0000-00-00 00:00:00', '0000-00-00 00:00:00'),
(452, 1076, '2021-01-08', 0, '0000-00-00 00:00:00', '0000-00-00 00:00:00'),
(453, 1077, '2021-01-08', 0, '0000-00-00 00:00:00', '0000-00-00 00:00:00'),
(454, 1068, '2021-01-08', 0, '0000-00-00 00:00:00', '0000-00-00 00:00:00'),
(455, 1069, '2021-01-08', 0, '0000-00-00 00:00:00', '0000-00-00 00:00:00');

--
-- Chỉ mục cho các bảng đã đổ
--

--
-- Chỉ mục cho bảng `chuyen`
--
ALTER TABLE `chuyen`
  ADD PRIMARY KEY (`id`);

--
-- Chỉ mục cho bảng `ct_chuyen`
--
ALTER TABLE `ct_chuyen`
  ADD PRIMARY KEY (`id`);

--
-- Chỉ mục cho bảng `ct_vengay`
--
ALTER TABLE `ct_vengay`
  ADD PRIMARY KEY (`id`);

--
-- Chỉ mục cho bảng `doituong`
--
ALTER TABLE `doituong`
  ADD PRIMARY KEY (`id`);

--
-- Chỉ mục cho bảng `ga`
--
ALTER TABLE `ga`
  ADD PRIMARY KEY (`id`);

--
-- Chỉ mục cho bảng `ghe`
--
ALTER TABLE `ghe`
  ADD PRIMARY KEY (`id`);

--
-- Chỉ mục cho bảng `khachhang`
--
ALTER TABLE `khachhang`
  ADD PRIMARY KEY (`id`);

--
-- Chỉ mục cho bảng `loaighe`
--
ALTER TABLE `loaighe`
  ADD PRIMARY KEY (`id`);

--
-- Chỉ mục cho bảng `loaitau`
--
ALTER TABLE `loaitau`
  ADD PRIMARY KEY (`id`);

--
-- Chỉ mục cho bảng `loaitoa`
--
ALTER TABLE `loaitoa`
  ADD PRIMARY KEY (`id`);

--
-- Chỉ mục cho bảng `tau`
--
ALTER TABLE `tau`
  ADD PRIMARY KEY (`id`);

--
-- Chỉ mục cho bảng `thongtindatve`
--
ALTER TABLE `thongtindatve`
  ADD PRIMARY KEY (`id`);

--
-- Chỉ mục cho bảng `tinh`
--
ALTER TABLE `tinh`
  ADD PRIMARY KEY (`id`);

--
-- Chỉ mục cho bảng `toa`
--
ALTER TABLE `toa`
  ADD PRIMARY KEY (`id`);

--
-- Chỉ mục cho bảng `tt_giave`
--
ALTER TABLE `tt_giave`
  ADD PRIMARY KEY (`id`);

--
-- Chỉ mục cho bảng `tuyen`
--
ALTER TABLE `tuyen`
  ADD PRIMARY KEY (`id`);

--
-- Chỉ mục cho bảng `vengay`
--
ALTER TABLE `vengay`
  ADD PRIMARY KEY (`id`);

--
-- AUTO_INCREMENT cho các bảng đã đổ
--

--
-- AUTO_INCREMENT cho bảng `chuyen`
--
ALTER TABLE `chuyen`
  MODIFY `id` bigint(20) UNSIGNED NOT NULL AUTO_INCREMENT, AUTO_INCREMENT=9;

--
-- AUTO_INCREMENT cho bảng `ct_chuyen`
--
ALTER TABLE `ct_chuyen`
  MODIFY `id` bigint(10) UNSIGNED NOT NULL AUTO_INCREMENT, AUTO_INCREMENT=22;

--
-- AUTO_INCREMENT cho bảng `ct_vengay`
--
ALTER TABLE `ct_vengay`
  MODIFY `id` bigint(10) UNSIGNED NOT NULL AUTO_INCREMENT;

--
-- AUTO_INCREMENT cho bảng `doituong`
--
ALTER TABLE `doituong`
  MODIFY `id` bigint(20) NOT NULL AUTO_INCREMENT, AUTO_INCREMENT=5;

--
-- AUTO_INCREMENT cho bảng `ga`
--
ALTER TABLE `ga`
  MODIFY `id` bigint(10) UNSIGNED NOT NULL AUTO_INCREMENT, AUTO_INCREMENT=174;

--
-- AUTO_INCREMENT cho bảng `ghe`
--
ALTER TABLE `ghe`
  MODIFY `id` bigint(10) UNSIGNED NOT NULL AUTO_INCREMENT, AUTO_INCREMENT=1080;

--
-- AUTO_INCREMENT cho bảng `khachhang`
--
ALTER TABLE `khachhang`
  MODIFY `id` bigint(10) UNSIGNED NOT NULL AUTO_INCREMENT, AUTO_INCREMENT=6;

--
-- AUTO_INCREMENT cho bảng `loaighe`
--
ALTER TABLE `loaighe`
  MODIFY `id` bigint(10) UNSIGNED NOT NULL AUTO_INCREMENT, AUTO_INCREMENT=10;

--
-- AUTO_INCREMENT cho bảng `loaitau`
--
ALTER TABLE `loaitau`
  MODIFY `id` bigint(10) UNSIGNED NOT NULL AUTO_INCREMENT, AUTO_INCREMENT=8;

--
-- AUTO_INCREMENT cho bảng `loaitoa`
--
ALTER TABLE `loaitoa`
  MODIFY `id` bigint(10) UNSIGNED NOT NULL AUTO_INCREMENT, AUTO_INCREMENT=5;

--
-- AUTO_INCREMENT cho bảng `tau`
--
ALTER TABLE `tau`
  MODIFY `id` bigint(10) UNSIGNED NOT NULL AUTO_INCREMENT, AUTO_INCREMENT=16;

--
-- AUTO_INCREMENT cho bảng `thongtindatve`
--
ALTER TABLE `thongtindatve`
  MODIFY `id` bigint(10) UNSIGNED NOT NULL AUTO_INCREMENT, AUTO_INCREMENT=2;

--
-- AUTO_INCREMENT cho bảng `tinh`
--
ALTER TABLE `tinh`
  MODIFY `id` bigint(10) UNSIGNED NOT NULL AUTO_INCREMENT, AUTO_INCREMENT=53;

--
-- AUTO_INCREMENT cho bảng `toa`
--
ALTER TABLE `toa`
  MODIFY `id` bigint(10) UNSIGNED NOT NULL AUTO_INCREMENT, AUTO_INCREMENT=67;

--
-- AUTO_INCREMENT cho bảng `tt_giave`
--
ALTER TABLE `tt_giave`
  MODIFY `id` bigint(20) UNSIGNED NOT NULL AUTO_INCREMENT, AUTO_INCREMENT=9;

--
-- AUTO_INCREMENT cho bảng `tuyen`
--
ALTER TABLE `tuyen`
  MODIFY `id` bigint(10) UNSIGNED NOT NULL AUTO_INCREMENT, AUTO_INCREMENT=4;

--
-- AUTO_INCREMENT cho bảng `vengay`
--
ALTER TABLE `vengay`
  MODIFY `id` bigint(10) UNSIGNED NOT NULL AUTO_INCREMENT, AUTO_INCREMENT=456;
COMMIT;

/*!40101 SET CHARACTER_SET_CLIENT=@OLD_CHARACTER_SET_CLIENT */;
/*!40101 SET CHARACTER_SET_RESULTS=@OLD_CHARACTER_SET_RESULTS */;
/*!40101 SET COLLATION_CONNECTION=@OLD_COLLATION_CONNECTION */;
